"date","temp","temp_min","temp_max"
2010-01-01,0,-1,1
2010-01-02,1,-1,3
2010-01-03,2,0,4
2010-01-04,-2,-5,1
2010-01-05,-2.5,-5,0
2010-01-06,-4.5,-6,-3
2010-01-07,-4,-5,-3
2010-01-08,-5.5,-8,-3
2010-01-09,-3.5,-5,-2
2010-01-10,-1,-2,0
2010-01-11,-2.5,-5,0
2010-01-12,-2,-3,-1
2010-01-13,1.5,0,3
2010-01-14,2,1,3
2010-01-15,2.5,0,5
2010-01-16,3.5,1,6
2010-01-17,7,5,9
2010-01-18,5,2,8
2010-01-19,3,1,5
2010-01-20,1.5,-1,4
2010-01-21,4,2,6
2010-01-22,3.5,1,6
2010-01-23,3,2,4
2010-01-24,3.5,2,5
2010-01-25,3.5,2,5
2010-01-26,-0.5,-2,1
2010-01-27,-1.5,-5,2
2010-01-28,4.5,3,6
2010-01-29,3.5,3,4
2010-01-30,0.5,-2,3
2010-01-31,0.5,-2,3
2010-02-01,1.5,-1,4
2010-02-02,3.5,1,6
2010-02-03,7.5,6,9
2010-02-04,5.5,3,8
2010-02-05,7.5,6,9
2010-02-06,4,3,5
2010-02-07,4,3,5
2010-02-08,3,2,4
2010-02-09,-0.5,-2,1
2010-02-10,-0.5,-3,2
2010-02-11,-2.5,-4,-1
2010-02-12,-3,-6,0
2010-02-13,-4,-6,-2
2010-02-14,-3,-7,1
2010-02-15,-1.5,-4,1
2010-02-16,-0.5,-5,4
2010-02-17,2,-1,5
2010-02-18,2.5,-1,6
2010-02-19,4,2,6
2010-02-20,2.5,-1,6
2010-02-21,3.5,0,7
2010-02-22,8.5,6,11
2010-02-23,10.5,8,13
2010-02-24,8.5,6,11
2010-02-25,8.5,7,10
2010-02-26,7,5,9
2010-02-27,7,4,10
2010-02-28,9,6,12
2010-03-01,5.5,1,10
2010-03-02,7.5,4,11
2010-03-03,4.5,1,8
2010-03-04,3.5,1,6
2010-03-05,2.5,-2,7
2010-03-06,4,1,7
2010-03-07,0.5,-3,4
2010-03-08,1.5,-3,6
2010-03-09,0,-4,4
2010-03-10,2,-3,7
2010-03-11,1.5,-3,6
2010-03-12,2.5,-3,8
2010-03-13,4,1,7
2010-03-14,3,-1,7
2010-03-15,7,2,12
2010-03-16,8,2,14
2010-03-17,9.5,4,15
2010-03-18,11,6,16
2010-03-19,13.5,9,18
2010-03-20,13.5,11,16
2010-03-21,10,8,12
2010-03-22,10.5,5,16
2010-03-23,11,5,17
2010-03-24,13,8,18
2010-03-25,12.5,9,16
2010-03-26,9,7,11
2010-03-27,9.5,7,12
2010-03-28,10,8,12
2010-03-29,13,10,16
2010-03-30,9.5,8,11
2010-03-31,6,4,8
2010-04-01,6,2,10
2010-04-02,6,4,8
2010-04-03,7,4,10
2010-04-04,8,6,10
2010-04-05,7.5,2,13
2010-04-06,11,5,17
2010-04-07,13,9,17
2010-04-08,10.5,8,13
2010-04-09,11,5,17
2010-04-10,10.5,6,15
2010-04-11,7.5,3,12
2010-04-12,8,3,13
2010-04-13,10,7,13
2010-04-14,10.5,6,15
2010-04-15,9.5,5,14
2010-04-16,9.5,5,14
2010-04-17,10.5,4,17
2010-04-18,14,7,21
2010-04-19,14,6,22
2010-04-20,12.5,8,17
2010-04-21,10.5,5,16
2010-04-22,9.5,4,15
2010-04-23,12.5,5,20
2010-04-24,18.5,10,27
2010-04-25,16,11,21
2010-04-26,13,9,17
2010-04-27,15,9,21
2010-04-28,17.5,11,24
2010-04-29,20,15,25
2010-04-30,13,11,15
2010-05-01,14,11,17
2010-05-02,11.5,9,14
2010-05-03,7,5,9
2010-05-04,8.5,5,12
2010-05-05,8.5,5,12
2010-05-06,10,5,15
2010-05-07,8.5,4,13
2010-05-08,11.5,7,16
2010-05-09,11.5,7,16
2010-05-10,12,7,17
2010-05-11,7,6,8
2010-05-12,7.5,5,10
2010-05-13,8,5,11
2010-05-14,10,7,13
2010-05-15,12,8,16
2010-05-16,12,7,17
2010-05-17,13.5,10,17
2010-05-18,13,9,17
2010-05-19,14.5,9,20
2010-05-20,15.5,10,21
2010-05-21,17.5,12,23
2010-05-22,18,13,23
2010-05-23,20,13,27
2010-05-24,26,21,31
2010-05-25,23.5,18,29
2010-05-26,17.5,15,20
2010-05-27,15,12,18
2010-05-28,15,10,20
2010-05-29,14.5,12,17
2010-05-30,14.5,13,16
2010-05-31,13.5,11,16
2010-06-01,13.5,11,16
2010-06-02,17,12,22
2010-06-03,19,14,24
2010-06-04,24,18,30
2010-06-05,24,19,29
2010-06-06,20.5,18,23
2010-06-07,18,13,23
2010-06-08,18,16,20
2010-06-09,16.5,14,19
2010-06-10,19.5,17,22
2010-06-11,21.5,16,27
2010-06-12,17.5,14,21
2010-06-13,16,12,20
2010-06-14,15.5,13,18
2010-06-15,17,13,21
2010-06-16,15.5,11,20
2010-06-17,15,13,17
2010-06-18,18,13,23
2010-06-19,11.5,9,14
2010-06-20,11.5,9,14
2010-06-21,14,10,18
2010-06-22,17.5,12,23
2010-06-23,21,16,26
2010-06-24,21.5,15,28
2010-06-25,21.5,15,28
2010-06-26,25,20,30
2010-06-27,25,20,30
2010-06-28,24,18,30
2010-06-29,23,18,28
2010-06-30,25,20,30
2010-07-01,26.5,21,32
2010-07-02,28,23,33
2010-07-03,20.5,18,23
2010-07-04,21.5,16,27
2010-07-05,19,15,23
2010-07-06,20,14,26
2010-07-07,25.5,18,33
2010-07-08,29.5,23,36
2010-07-09,26.5,19,34
2010-07-10,23.5,19,28
2010-07-11,26,22,30
2010-07-12,22,19,25
2010-07-13,21.5,18,25
2010-07-14,19,16,22
2010-07-15,19,15,23
2010-07-16,21,17,25
2010-07-17,19,16,22
2010-07-18,20.5,15,26
2010-07-19,24,19,29
2010-07-20,25.5,19,32
2010-07-21,20,18,22
2010-07-22,20,16,24
2010-07-23,19,16,22
2010-07-24,19,14,24
2010-07-25,18,15,21
2010-07-26,19,15,23
2010-07-27,22,17,27
2010-07-28,21,16,26
2010-07-29,18.5,14,23
2010-07-30,19.5,14,25
2010-07-31,22.5,17,28
2010-08-01,19,15,23
2010-08-02,20,15,25
2010-08-03,19,13,25
2010-08-04,18.5,15,22
2010-08-05,16.5,12,21
2010-08-06,18.5,12,25
2010-08-07,20.5,15,26
2010-08-08,19.5,14,25
2010-08-09,21.5,16,27
2010-08-10,21.5,17,26
2010-08-11,20,16,24
2010-08-12,18,13,23
2010-08-13,17.5,12,23
2010-08-14,18,13,23
2010-08-15,15,14,16
2010-08-16,15,13,17
2010-08-17,16,14,18
2010-08-18,18,15,21
2010-08-19,18.5,13,24
2010-08-20,23,17,29
2010-08-21,25,18,32
2010-08-22,25,20,30
2010-08-23,21,19,23
2010-08-24,16,12,20
2010-08-25,18,13,23
2010-08-26,23,18,28
2010-08-27,19.5,18,21
2010-08-28,15.5,11,20
2010-08-29,15,11,19
2010-08-30,13.5,9,18
2010-08-31,15.5,9,22
2010-09-01,16,11,21
2010-09-02,17,11,23
2010-09-03,18.5,12,25
2010-09-04,17,11,23
2010-09-05,18,12,24
2010-09-06,17,12,22
2010-09-07,18,14,22
2010-09-08,15,13,17
2010-09-09,16.5,11,22
2010-09-10,16.5,11,22
2010-09-11,19,13,25
2010-09-12,17,13,21
2010-09-13,15.5,10,21
2010-09-14,17,12,22
2010-09-15,16,14,18
2010-09-16,14,10,18
2010-09-17,14,9,19
2010-09-18,12.5,8,17
2010-09-19,13,6,20
2010-09-20,15.5,9,22
2010-09-21,18,10,26
2010-09-22,19,12,26
2010-09-23,19.5,14,25
2010-09-24,14.5,12,17
2010-09-25,11,8,14
2010-09-26,10,6,14
2010-09-27,11,6,16
2010-09-28,12.5,7,18
2010-09-29,15,10,20
2010-09-30,15.5,13,18
2010-10-01,12.5,8,17
2010-10-02,16,13,19
2010-10-03,18.5,14,23
2010-10-04,16,14,18
2010-10-05,14.5,12,17
2010-10-06,16.5,13,20
2010-10-07,18.5,14,23
2010-10-08,17,12,22
2010-10-09,18.5,13,24
2010-10-10,14.5,11,18
2010-10-11,13,8,18
2010-10-12,11.5,7,16
2010-10-13,8,3,13
2010-10-14,9,4,14
2010-10-15,10.5,6,15
2010-10-16,11,8,14
2010-10-17,5.5,3,8
2010-10-18,9,5,13
2010-10-19,10.5,9,12
2010-10-20,8,6,10
2010-10-21,6,1,11
2010-10-22,8,4,12
2010-10-23,5.5,2,9
2010-10-24,8,5,11
2010-10-25,7,3,11
2010-10-26,5.5,0,11
2010-10-27,8.5,4,13
2010-10-28,11,7,15
2010-10-29,10,5,15
2010-10-30,13,11,15
2010-10-31,12,9,15
2010-11-01,10.5,7,14
2010-11-02,9.5,6,13
2010-11-03,13,10,16
2010-11-04,15.5,14,17
2010-11-05,13,10,16
2010-11-06,12,11,13
2010-11-07,7.5,6,9
2010-11-08,4.5,3,6
2010-11-09,8.5,7,10
2010-11-10,7,5,9
2010-11-11,7.5,2,13
2010-11-12,11.5,9,14
2010-11-13,13.5,13,14
2010-11-14,11.5,11,12
2010-11-15,9,7,11
2010-11-16,7.5,4,11
2010-11-17,3.5,1,6
2010-11-18,5.5,4,7
2010-11-19,7,6,8
2010-11-20,6.5,4,9
2010-11-21,5.5,5,6
2010-11-22,3,2,4
2010-11-23,3,0,6
2010-11-24,4,1,7
2010-11-25,2.5,2,3
2010-11-26,2,0,4
2010-11-27,0,-2,2
2010-11-28,-1,-3,1
2010-11-29,-1,-2,0
2010-11-30,-3,-6,0
2010-12-01,-3,-4,-2
2010-12-02,-3.5,-5,-2
2010-12-03,-4,-6,-2
2010-12-04,-2.5,-5,0
2010-12-05,0,-1,1
2010-12-06,0.5,0,1
2010-12-07,-0.5,-1,0
2010-12-08,-0.5,-1,0
2010-12-09,0,-2,2
2010-12-10,0.5,-1,2
2010-12-11,3,2,4
2010-12-12,4,3,5
2010-12-13,-2,-4,0
2010-12-14,-1,-2,0
2010-12-15,-1,-4,2
2010-12-16,1,0,2
2010-12-17,-1.5,-3,0
2010-12-18,-1.5,-3,0
2010-12-19,0.5,-1,2
2010-12-20,-0.5,-2,1
2010-12-21,1.5,1,2
2010-12-22,1.5,1,2
2010-12-23,-0.5,-1,0
2010-12-24,-1.5,-2,-1
2010-12-25,-3.5,-5,-2
2010-12-26,-2.5,-5,0
2010-12-27,-3,-5,-1
2010-12-28,0.5,-1,2
2010-12-29,3,2,4
2010-12-30,1.5,0,3
2010-12-31,0,-2,2
2011-01-01,0.5,-1,2
2011-01-02,1.5,0,3
2011-01-03,0.5,-1,2
2011-01-04,-1,-3,1
2011-01-05,0,-3,3
2011-01-06,7,5,9
2011-01-07,9.5,8,11
2011-01-08,9.5,8,11
2011-01-09,7,5,9
2011-01-10,3,1,5
2011-01-11,5,2,8
2011-01-12,6.5,3,10
2011-01-13,11.5,10,13
2011-01-14,10,9,11
2011-01-15,8,7,9
2011-01-16,7.5,5,10
2011-01-17,6,4,8
2011-01-18,8,7,9
2011-01-19,3.5,2,5
2011-01-20,3.5,2,5
2011-01-21,0.5,-2,3
2011-01-22,2.5,1,4
2011-01-23,4,2,6
2011-01-24,5,4,6
2011-01-25,3,0,6
2011-01-26,3,2,4
2011-01-27,2.5,1,4
2011-01-28,-0.5,-3,2
2011-01-29,0,-3,3
2011-01-30,-1,-5,3
2011-01-31,0,-3,3
2011-02-01,0,-3,3
2011-02-02,2.5,0,5
2011-02-03,6,3,9
2011-02-04,6,3,9
2011-02-05,8,6,10
2011-02-06,8,7,9
2011-02-07,6,2,10
2011-02-08,8.5,6,11
2011-02-09,7.5,4,11
2011-02-10,7,4,10
2011-02-11,11.5,8,15
2011-02-12,8.5,6,11
2011-02-13,5.5,2,9
2011-02-14,7.5,6,9
2011-02-15,4.5,2,7
2011-02-16,6,2,10
2011-02-17,5.5,2,9
2011-02-18,6,2,10
2011-02-19,3,1,5
2011-02-20,6,5,7
2011-02-21,6,2,10
2011-02-22,5,2,8
2011-02-23,2,-1,5
2011-02-24,9.5,6,13
2011-02-25,8,4,12
2011-02-26,8,6,10
2011-02-27,4.5,2,7
2011-02-28,3.5,0,7
2011-03-01,4,0,8
2011-03-02,4.5,0,9
2011-03-03,6.5,3,10
2011-03-04,5.5,3,8
2011-03-05,5,1,9
2011-03-06,6,3,9
2011-03-07,4,-1,9
2011-03-08,7,0,14
2011-03-09,7.5,4,11
2011-03-10,6.5,2,11
2011-03-11,9,6,12
2011-03-12,8.5,4,13
2011-03-13,10,7,13
2011-03-14,10.5,6,15
2011-03-15,13,7,19
2011-03-16,11.5,7,16
2011-03-17,7.5,6,9
2011-03-18,8,3,13
2011-03-19,6,4,8
2011-03-20,7,2,12
2011-03-21,8,2,14
2011-03-22,9.5,3,16
2011-03-23,11.5,4,19
2011-03-24,13,6,20
2011-03-25,15.5,9,22
2011-03-26,12.5,7,18
2011-03-27,12.5,8,17
2011-03-28,12.5,6,19
2011-03-29,11.5,6,17
2011-03-30,11,8,14
2011-03-31,13,11,15
2011-04-01,15,11,19
2011-04-02,16.5,10,23
2011-04-03,10.5,9,12
2011-04-04,10,6,14
2011-04-05,11.5,6,17
2011-04-06,16.5,9,24
2011-04-07,18,11,25
2011-04-08,15.5,9,22
2011-04-09,15,8,22
2011-04-10,16,8,24
2011-04-11,16,11,21
2011-04-12,9.5,6,13
2011-04-13,9,4,14
2011-04-14,11,6,16
2011-04-15,12,8,16
2011-04-16,11.5,6,17
2011-04-17,12.5,7,18
2011-04-18,14,7,21
2011-04-19,17.5,11,24
2011-04-20,18,12,24
2011-04-21,17,11,23
2011-04-22,18.5,12,25
2011-04-23,19.5,13,26
2011-04-24,19.5,14,25
2011-04-25,18,12,24
2011-04-26,16,10,22
2011-04-27,14,9,19
2011-04-28,11,8,14
2011-04-29,14.5,9,20
2011-04-30,15,10,20
2011-05-01,16.5,11,22
2011-05-02,16,11,21
2011-05-03,12,7,17
2011-05-04,14,8,20
2011-05-05,15,9,21
2011-05-06,17.5,11,24
2011-05-07,19,14,24
2011-05-08,18.5,14,23
2011-05-09,18.5,13,24
2011-05-10,19,15,23
2011-05-11,16,10,22
2011-05-12,13.5,10,17
2011-05-13,16.5,13,20
2011-05-14,13,10,16
2011-05-15,12.5,9,16
2011-05-16,12,9,15
2011-05-17,15,10,20
2011-05-18,18,12,24
2011-05-19,17.5,13,22
2011-05-20,17,14,20
2011-05-21,17,11,23
2011-05-22,16.5,15,18
2011-05-23,18.5,13,24
2011-05-24,14,11,17
2011-05-25,17.5,12,23
2011-05-26,14,12,16
2011-05-27,13,10,16
2011-05-28,14,9,19
2011-05-29,17,11,23
2011-05-30,20.5,17,24
2011-05-31,12.5,10,15
2011-06-01,14,10,18
2011-06-02,15.5,10,21
2011-06-03,18,13,23
2011-06-04,21,17,25
2011-06-05,21,19,23
2011-06-06,17.5,16,19
2011-06-07,15.5,13,18
2011-06-08,13.5,11,16
2011-06-09,13.5,10,17
2011-06-10,14,11,17
2011-06-11,12.5,9,16
2011-06-12,14.5,11,18
2011-06-13,17.5,13,22
2011-06-14,19,15,23
2011-06-15,18,15,21
2011-06-16,17.5,16,19
2011-06-17,14.5,12,17
2011-06-18,13.5,11,16
2011-06-19,14,10,18
2011-06-20,16.5,13,20
2011-06-21,17.5,14,21
2011-06-22,16.5,14,19
2011-06-23,15,12,18
2011-06-24,14.5,10,19
2011-06-25,18.5,14,23
2011-06-26,23.5,17,30
2011-06-27,19.5,16,23
2011-06-28,27,23,31
2011-06-29,17.5,15,20
2011-06-30,15.5,11,20
2011-07-01,16.5,12,21
2011-07-02,16.5,12,21
2011-07-03,17,12,22
2011-07-04,19,13,25
2011-07-05,22.5,18,27
2011-07-06,17,14,20
2011-07-07,16.5,13,20
2011-07-08,16.5,13,20
2011-07-09,17.5,15,20
2011-07-10,19,16,22
2011-07-11,18.5,12,25
2011-07-12,20,17,23
2011-07-13,16,14,18
2011-07-14,15.5,11,20
2011-07-15,18.5,13,24
2011-07-16,16,14,18
2011-07-17,15,12,18
2011-07-18,14.5,12,17
2011-07-19,14,12,16
2011-07-20,16,13,19
2011-07-21,16.5,13,20
2011-07-22,16.5,13,20
2011-07-23,15,12,18
2011-07-24,15.5,11,20
2011-07-25,19,15,23
2011-07-26,18,14,22
2011-07-27,16.5,13,20
2011-07-28,18,14,22
2011-07-29,18.5,14,23
2011-07-30,16,12,20
2011-07-31,18,12,24
2011-08-01,20,15,25
2011-08-02,21.5,16,27
2011-08-03,21.5,18,25
2011-08-04,19.5,18,21
2011-08-05,21,18,24
2011-08-06,19.5,17,22
2011-08-07,16.5,13,20
2011-08-08,15.5,12,19
2011-08-09,15.5,12,19
2011-08-10,17,12,22
2011-08-11,18.5,14,23
2011-08-12,19,16,22
2011-08-13,18.5,15,22
2011-08-14,19,17,21
2011-08-15,18,13,23
2011-08-16,21,16,26
2011-08-17,20.5,16,25
2011-08-18,22,19,25
2011-08-19,21,18,24
2011-08-20,23,16,30
2011-08-21,26.5,22,31
2011-08-22,21.5,17,26
2011-08-23,22.5,20,25
2011-08-24,18.5,15,22
2011-08-25,19.5,15,24
2011-08-26,18,16,20
2011-08-27,15,11,19
2011-08-28,15,11,19
2011-08-29,14.5,10,19
2011-08-30,16.5,10,23
2011-08-31,15.5,10,21
2011-09-01,19.5,13,26
2011-09-02,23,17,29
2011-09-03,24,19,29
2011-09-04,20,17,23
2011-09-05,16,13,19
2011-09-06,15.5,12,19
2011-09-07,15,13,17
2011-09-08,15,12,18
2011-09-09,21,18,24
2011-09-10,22.5,17,28
2011-09-11,17.5,16,19
2011-09-12,16.5,12,21
2011-09-13,17,14,20
2011-09-14,14,9,19
2011-09-15,16,10,22
2011-09-16,18,11,25
2011-09-17,15.5,13,18
2011-09-18,11.5,8,15
2011-09-19,14,9,19
2011-09-20,15.5,11,20
2011-09-21,16.5,12,21
2011-09-22,15.5,11,20
2011-09-23,15,9,21
2011-09-24,17.5,12,23
2011-09-25,19,13,25
2011-09-26,20,15,25
2011-09-27,20,14,26
2011-09-28,23.5,17,30
2011-09-29,23,15,31
2011-09-30,24,17,31
2011-10-01,24,17,31
2011-10-02,23,15,31
2011-10-03,22,15,29
2011-10-04,17.5,14,21
2011-10-05,17,14,20
2011-10-06,15.5,14,17
2011-10-07,12,9,15
2011-10-08,11,9,13
2011-10-09,15.5,13,18
2011-10-10,15.5,14,17
2011-10-11,15.5,12,19
2011-10-12,15.5,14,17
2011-10-13,16.5,14,19
2011-10-14,12,9,15
2011-10-15,11.5,6,17
2011-10-16,13.5,6,21
2011-10-17,12,7,17
2011-10-18,12.5,11,14
2011-10-19,10,7,13
2011-10-20,8,5,11
2011-10-21,7,2,12
2011-10-22,6,2,10
2011-10-23,11.5,6,17
2011-10-24,11.5,6,17
2011-10-25,14,12,16
2011-10-26,10,6,14
2011-10-27,11.5,7,16
2011-10-28,15,12,18
2011-10-29,14.5,11,18
2011-10-30,13.5,10,17
2011-10-31,13.5,10,17
2011-11-01,12.5,10,15
2011-11-02,12,8,16
2011-11-03,16,14,18
2011-11-04,14.5,12,17
2011-11-05,14.5,12,17
2011-11-06,13.5,12,15
2011-11-07,10,9,11
2011-11-08,10,9,11
2011-11-09,12,9,15
2011-11-10,10.5,8,13
2011-11-11,9.5,6,13
2011-11-12,12,8,16
2011-11-13,10.5,7,14
2011-11-14,10,7,13
2011-11-15,6.5,4,9
2011-11-16,6,4,8
2011-11-17,9.5,7,12
2011-11-18,10.5,6,15
2011-11-19,8,5,11
2011-11-20,9,5,13
2011-11-21,9.5,7,12
2011-11-22,10,7,13
2011-11-23,9.5,6,13
2011-11-24,9,8,10
2011-11-25,6.5,4,9
2011-11-26,7.5,5,10
2011-11-27,8.5,6,11
2011-11-28,8.5,6,11
2011-11-29,7,5,9
2011-11-30,8.5,6,11
2011-12-01,9.5,8,11
2011-12-02,9,8,10
2011-12-03,8,6,10
2011-12-04,11,10,12
2011-12-05,6.5,5,8
2011-12-06,6.5,5,8
2011-12-07,9.5,8,11
2011-12-08,7,4,10
2011-12-09,9,8,10
2011-12-10,7,4,10
2011-12-11,4.5,2,7
2011-12-12,6.5,5,8
2011-12-13,10,9,11
2011-12-14,7.5,7,8
2011-12-15,6,4,8
2011-12-16,8.5,6,11
2011-12-17,4.5,2,7
2011-12-18,3.5,2,5
2011-12-19,2.5,1,4
2011-12-20,6.5,5,8
2011-12-21,7.5,5,10
2011-12-22,10.5,10,11
2011-12-23,8.5,8,9
2011-12-24,5.5,4,7
2011-12-25,6,4,8
2011-12-26,7,5,9
2011-12-27,6,4,8
2011-12-28,3,0,6
2011-12-29,5.5,4,7
2011-12-30,6,5,7
2011-12-31,10.5,10,11
2012-01-01,12.5,11,14
2012-01-02,9.5,8,11
2012-01-03,8,5,11
2012-01-04,6.5,5,8
2012-01-05,9,8,10
2012-01-06,6.5,4,9
2012-01-07,3.5,2,5
2012-01-08,7,6,8
2012-01-09,4.5,3,6
2012-01-10,9,8,10
2012-01-11,9.5,8,11
2012-01-12,6,4,8
2012-01-13,6,4,8
2012-01-14,4,1,7
2012-01-15,2,0,4
2012-01-16,1.5,-2,5
2012-01-17,1.5,-1,4
2012-01-18,1.5,-1,4
2012-01-19,10,8,12
2012-01-20,7.5,6,9
2012-01-21,9.5,8,11
2012-01-22,7,5,9
2012-01-23,6.5,4,9
2012-01-24,5,3,7
2012-01-25,9,7,11
2012-01-26,9,8,10
2012-01-27,5.5,2,9
2012-01-28,3.5,2,5
2012-01-29,1.5,-1,4
2012-01-30,0.5,-1,2
2012-01-31,-0.5,-3,2
2012-02-01,-3,-5,-1
2012-02-02,-6,-9,-3
2012-02-03,-6.5,-10,-3
2012-02-04,-3,-6,0
2012-02-05,-5,-7,-3
2012-02-06,-2.5,-5,0
2012-02-07,-5.5,-7,-4
2012-02-08,-5.5,-9,-2
2012-02-09,-4,-7,-1
2012-02-10,-3.5,-7,0
2012-02-11,-4.5,-7,-2
2012-02-12,-5,-9,-1
2012-02-13,1.5,-1,4
2012-02-14,3.5,2,5
2012-02-15,4.5,2,7
2012-02-16,6,3,9
2012-02-17,4.5,1,8
2012-02-18,7.5,5,10
2012-02-19,4,2,6
2012-02-20,4.5,2,7
2012-02-21,3.5,-1,8
2012-02-22,6,2,10
2012-02-23,8,4,12
2012-02-24,10,8,12
2012-02-25,10,8,12
2012-02-26,7,3,11
2012-02-27,6.5,2,11
2012-02-28,9,5,13
2012-02-29,10.5,6,15
2012-03-01,10,6,14
2012-03-02,9.5,5,14
2012-03-03,9,5,13
2012-03-04,8.5,6,11
2012-03-05,4.5,2,7
2012-03-06,5.5,3,8
2012-03-07,4,1,7
2012-03-08,6,2,10
2012-03-09,6.5,1,12
2012-03-10,8,4,12
2012-03-11,10.5,7,14
2012-03-12,11,5,17
2012-03-13,10.5,6,15
2012-03-14,9.5,4,15
2012-03-15,14.5,7,22
2012-03-16,15,7,23
2012-03-17,9.5,8,11
2012-03-18,8,5,11
2012-03-19,7,3,11
2012-03-20,7,1,13
2012-03-21,9.5,4,15
2012-03-22,13.5,8,19
2012-03-23,14,7,21
2012-03-24,15.5,10,21
2012-03-25,15.5,9,22
2012-03-26,14,8,20
2012-03-27,13.5,8,19
2012-03-28,14,9,19
2012-03-29,13.5,8,19
2012-03-30,14.5,9,20
2012-03-31,11,6,16
2012-04-01,6.5,1,12
2012-04-02,10,3,17
2012-04-03,11.5,6,17
2012-04-04,9,4,14
2012-04-05,9.5,5,14
2012-04-06,9.5,5,14
2012-04-07,8.5,4,13
2012-04-08,6.5,1,12
2012-04-09,10,8,12
2012-04-10,9.5,8,11
2012-04-11,8,3,13
2012-04-12,8.5,4,13
2012-04-13,10,5,15
2012-04-14,9,5,13
2012-04-15,7,3,11
2012-04-16,5.5,1,10
2012-04-17,5,2,8
2012-04-18,7,5,9
2012-04-19,8,3,13
2012-04-20,8,4,12
2012-04-21,8,4,12
2012-04-22,7.5,4,11
2012-04-23,6,4,8
2012-04-24,8,6,10
2012-04-25,9,6,12
2012-04-26,12,9,15
2012-04-27,11,8,14
2012-04-28,14.5,11,18
2012-04-29,12.5,10,15
2012-04-30,13,9,17
2012-05-01,14.5,9,20
2012-05-02,12.5,10,15
2012-05-03,13.5,9,18
2012-05-04,15,11,19
2012-05-05,13,11,15
2012-05-06,11,8,14
2012-05-07,12.5,8,17
2012-05-08,13.5,11,16
2012-05-09,17,14,20
2012-05-10,20.5,16,25
2012-05-11,17.5,16,19
2012-05-12,12.5,9,16
2012-05-13,10,5,15
2012-05-14,15.5,12,19
2012-05-15,9,7,11
2012-05-16,9.5,5,14
2012-05-17,11,7,15
2012-05-18,14.5,12,17
2012-05-19,14.5,10,19
2012-05-20,16.5,13,20
2012-05-21,13.5,13,14
2012-05-22,14,11,17
2012-05-23,18.5,15,22
2012-05-24,20.5,15,26
2012-05-25,20.5,17,24
2012-05-26,19,14,24
2012-05-27,22.5,17,28
2012-05-28,19,14,24
2012-05-29,19,13,25
2012-05-30,19,15,23
2012-05-31,16.5,13,20
2012-06-01,17,13,21
2012-06-02,20,16,24
2012-06-03,17,16,18
2012-06-04,13.5,12,15
2012-06-05,12,9,15
2012-06-06,16.5,14,19
2012-06-07,17,14,20
2012-06-08,15,13,17
2012-06-09,13,9,17
2012-06-10,14.5,11,18
2012-06-11,15,13,17
2012-06-12,13.5,11,16
2012-06-13,13.5,9,18
2012-06-14,15,11,19
2012-06-15,17,15,19
2012-06-16,15.5,15,16
2012-06-17,16,11,21
2012-06-18,16.5,14,19
2012-06-19,15.5,12,19
2012-06-20,18.5,14,23
2012-06-21,20,16,24
2012-06-22,15.5,12,19
2012-06-23,15.5,12,19
2012-06-24,15,13,17
2012-06-25,15.5,11,20
2012-06-26,18.5,15,22
2012-06-27,22,18,26
2012-06-28,24,19,29
2012-06-29,17.5,15,20
2012-06-30,18,14,22
2012-07-01,16,13,19
2012-07-02,18,14,22
2012-07-03,19,15,23
2012-07-04,21,18,24
2012-07-05,19,16,22
2012-07-06,16.5,14,19
2012-07-07,16.5,13,20
2012-07-08,17,15,19
2012-07-09,18,14,22
2012-07-10,16.5,15,18
2012-07-11,15,12,18
2012-07-12,14.5,11,18
2012-07-13,15.5,13,18
2012-07-14,15,12,18
2012-07-15,14,11,17
2012-07-16,15,11,19
2012-07-17,18.5,14,23
2012-07-18,20,17,23
2012-07-19,16.5,14,19
2012-07-20,17,14,20
2012-07-21,16,12,20
2012-07-22,17.5,12,23
2012-07-23,20.5,15,26
2012-07-24,23,16,30
2012-07-25,27,23,31
2012-07-26,25.5,21,30
2012-07-27,26,21,31
2012-07-28,20.5,18,23
2012-07-29,12,11,13
2012-07-30,16,12,20
2012-07-31,18.5,14,23
2012-08-01,22.5,18,27
2012-08-02,20,16,24
2012-08-03,18,14,22
2012-08-04,19,15,23
2012-08-05,17,14,20
2012-08-06,17.5,14,21
2012-08-07,16,12,20
2012-08-08,20,16,24
2012-08-09,21,16,26
2012-08-10,20,14,26
2012-08-11,19,14,24
2012-08-12,20,16,24
2012-08-13,21,17,25
2012-08-14,21,18,24
2012-08-15,22,19,25
2012-08-16,19.5,14,25
2012-08-17,23.5,17,30
2012-08-18,27,19,35
2012-08-19,28,22,34
2012-08-20,25,19,31
2012-08-21,23,18,28
2012-08-22,19,14,24
2012-08-23,19,14,24
2012-08-24,20.5,17,24
2012-08-25,19,16,22
2012-08-26,16.5,12,21
2012-08-27,19,14,24
2012-08-28,21,17,25
2012-08-29,20,15,25
2012-08-30,17,13,21
2012-08-31,13,9,17
2012-09-01,14,8,20
2012-09-02,17.5,13,22
2012-09-03,17.5,14,21
2012-09-04,18,13,23
2012-09-05,18.5,14,23
2012-09-06,16.5,10,23
2012-09-07,18.5,10,27
2012-09-08,21.5,14,29
2012-09-09,24,17,31
2012-09-10,21,16,26
2012-09-11,16.5,15,18
2012-09-12,14,11,17
2012-09-13,14,10,18
2012-09-14,14,10,18
2012-09-15,17.5,12,23
2012-09-16,18.5,14,23
2012-09-17,17.5,11,24
2012-09-18,16,12,20
2012-09-19,13.5,10,17
2012-09-20,13,7,19
2012-09-21,13.5,8,19
2012-09-22,13.5,9,18
2012-09-23,16.5,11,22
2012-09-24,16,15,17
2012-09-25,14.5,12,17
2012-09-26,13,10,16
2012-09-27,13.5,11,16
2012-09-28,14.5,10,19
2012-09-29,13.5,9,18
2012-09-30,15,8,22
2012-10-01,13.5,8,19
2012-10-02,15,12,18
2012-10-03,14.5,11,18
2012-10-04,15,13,17
2012-10-05,16,13,19
2012-10-06,16,13,19
2012-10-07,13,11,15
2012-10-08,13.5,10,17
2012-10-09,15.5,15,16
2012-10-10,14,12,16
2012-10-11,15.5,12,19
2012-10-12,13,11,15
2012-10-13,10,8,12
2012-10-14,7.5,6,9
2012-10-15,8.5,4,13
2012-10-16,12,9,15
2012-10-17,12.5,11,14
2012-10-18,16.5,13,20
2012-10-19,17,13,21
2012-10-20,15,14,16
2012-10-21,18.5,15,22
2012-10-22,19,14,24
2012-10-23,15.5,12,19
2012-10-24,11.5,8,15
2012-10-25,12,8,16
2012-10-26,10,8,12
2012-10-27,4.5,1,8
2012-10-28,5.5,1,10
2012-10-29,7.5,4,11
2012-10-30,8.5,5,12
2012-10-31,8,4,12
2012-11-01,10,8,12
2012-11-02,7,4,10
2012-11-03,10,9,11
2012-11-04,8,6,10
2012-11-05,8,5,11
2012-11-06,6.5,3,10
2012-11-07,8.5,6,11
2012-11-08,8,5,11
2012-11-09,7.5,5,10
2012-11-10,11.5,10,13
2012-11-11,8,5,11
2012-11-12,6.5,4,9
2012-11-13,7.5,5,10
2012-11-14,6,3,9
2012-11-15,6,1,11
2012-11-16,5.5,2,9
2012-11-17,7.5,5,10
2012-11-18,8.5,8,9
2012-11-19,8,5,11
2012-11-20,9,6,12
2012-11-21,8,5,11
2012-11-22,7.5,5,10
2012-11-23,7.5,6,9
2012-11-24,9.5,7,12
2012-11-25,9.5,8,11
2012-11-26,10.5,9,12
2012-11-27,7.5,6,9
2012-11-28,5.5,4,7
2012-11-29,5.5,4,7
2012-11-30,3,1,5
2012-12-01,3.5,1,6
2012-12-02,4,2,6
2012-12-03,6,3,9
2012-12-04,4.5,3,6
2012-12-05,3,1,5
2012-12-06,2,1,3
2012-12-07,2.5,1,4
2012-12-08,2,1,3
2012-12-09,4,2,6
2012-12-10,4,3,5
2012-12-11,2.5,1,4
2012-12-12,-0.5,-2,1
2012-12-13,0,-3,3
2012-12-14,6,3,9
2012-12-15,8,6,10
2012-12-16,8,6,10
2012-12-17,7,5,9
2012-12-18,6.5,5,8
2012-12-19,5,4,6
2012-12-20,5.5,4,7
2012-12-21,6.5,5,8
2012-12-22,9,6,12
2012-12-23,12.5,12,13
2012-12-24,9.5,8,11
2012-12-25,10,9,11
2012-12-26,7,5,9
2012-12-27,10,9,11
2012-12-28,8.5,7,10
2012-12-29,9,7,11
2012-12-30,7,5,9
2012-12-31,7,5,9
2013-01-01,8,7,9
2013-01-02,5,3,7
2013-01-03,9.5,8,11
2013-01-04,9,8,10
2013-01-05,9,8,10
2013-01-06,7.5,6,9
2013-01-07,6,4,8
2013-01-08,3.5,2,5
2013-01-09,4,2,6
2013-01-10,6.5,5,8
2013-01-11,5,3,7
2013-01-12,3.5,2,5
2013-01-13,3.5,3,4
2013-01-14,-1,-3,1
2013-01-15,1.5,-1,4
2013-01-16,-2.5,-5,0
2013-01-17,-4.5,-7,-2
2013-01-18,-4.5,-7,-2
2013-01-19,-2.5,-4,-1
2013-01-20,-2.5,-4,-1
2013-01-21,-1,-3,1
2013-01-22,-1.5,-4,1
2013-01-23,-1,-4,2
2013-01-24,0.5,0,1
2013-01-25,-3.5,-5,-2
2013-01-26,0.5,-2,3
2013-01-27,3.5,2,5
2013-01-28,4.5,2,7
2013-01-29,9.5,9,10
2013-01-30,11,10,12
2013-01-31,7,4,10
2013-02-01,7.5,6,9
2013-02-02,4,2,6
2013-02-03,2.5,0,5
2013-02-04,8.5,7,10
2013-02-05,5,4,6
2013-02-06,4,3,5
2013-02-07,2,0,4
2013-02-08,2.5,0,5
2013-02-09,1.5,0,3
2013-02-10,0,-1,1
2013-02-11,3,2,4
2013-02-12,1.5,1,2
2013-02-13,1,0,2
2013-02-14,2,-1,5
2013-02-15,5,1,9
2013-02-16,5,1,9
2013-02-17,3.5,1,6
2013-02-18,3,-1,7
2013-02-19,4.5,0,9
2013-02-20,3.5,0,7
2013-02-21,0,-3,3
2013-02-22,-1.5,-4,1
2013-02-23,-2.5,-5,0
2013-02-24,-0.5,-3,2
2013-02-25,0,-2,2
2013-02-26,0,-4,4
2013-02-27,2,1,3
2013-02-28,1,-1,3
2013-03-01,2,0,4
2013-03-02,2,0,4
2013-03-03,4,-1,9
2013-03-04,6,-1,13
2013-03-05,8,4,12
2013-03-06,11.5,7,16
2013-03-07,10.5,8,13
2013-03-08,11,9,13
2013-03-09,10.5,6,15
2013-03-10,7.5,5,10
2013-03-11,2,1,3
2013-03-12,0,-2,2
2013-03-13,-2.5,-8,3
2013-03-14,-1,-5,3
2013-03-15,1.5,-3,6
2013-03-16,3.5,0,7
2013-03-17,6.5,4,9
2013-03-18,3.5,0,7
2013-03-19,5.5,2,9
2013-03-20,5.5,2,9
2013-03-21,5.5,1,10
2013-03-22,8,3,13
2013-03-23,8.5,5,12
2013-03-24,6,3,9
2013-03-25,4,0,8
2013-03-26,2.5,-1,6
2013-03-27,2.5,-1,6
2013-03-28,3,-1,7
2013-03-29,3.5,-1,8
2013-03-30,3.5,-1,8
2013-03-31,2.5,-2,7
2013-04-01,3,-2,8
2013-04-02,3.5,-2,9
2013-04-03,4.5,1,8
2013-04-04,3.5,-1,8
2013-04-05,6,2,10
2013-04-06,4,0,8
2013-04-07,5.5,0,11
2013-04-08,6.5,3,10
2013-04-09,7,3,11
2013-04-10,9.5,6,13
2013-04-11,12,10,14
2013-04-12,10,8,12
2013-04-13,9.5,4,15
2013-04-14,16.5,10,23
2013-04-15,15.5,12,19
2013-04-16,14,10,18
2013-04-17,17,11,23
2013-04-18,13,10,16
2013-04-19,9,5,13
2013-04-20,8.5,4,13
2013-04-21,10,4,16
2013-04-22,9.5,5,14
2013-04-23,12.5,8,17
2013-04-24,18,10,26
2013-04-25,21,16,26
2013-04-26,13.5,10,17
2013-04-27,8.5,5,12
2013-04-28,8.5,4,13
2013-04-29,10.5,7,14
2013-04-30,9.5,6,13
2013-05-01,11,6,16
2013-05-02,14.5,10,19
2013-05-03,12,7,17
2013-05-04,12.5,7,18
2013-05-05,15,11,19
2013-05-06,15,10,20
2013-05-07,16.5,12,21
2013-05-08,16,13,19
2013-05-09,13,10,16
2013-05-10,11,8,14
2013-05-11,13,10,16
2013-05-12,10.5,6,15
2013-05-13,12,10,14
2013-05-14,11.5,9,14
2013-05-15,11,8,14
2013-05-16,12.5,9,16
2013-05-17,12.5,9,16
2013-05-18,11.5,7,16
2013-05-19,13,9,17
2013-05-20,11,9,13
2013-05-21,11.5,10,13
2013-05-22,12,8,16
2013-05-23,10,8,12
2013-05-24,6.5,4,9
2013-05-25,8.5,4,13
2013-05-26,11.5,7,16
2013-05-27,13.5,9,18
2013-05-28,12,11,13
2013-05-29,11,7,15
2013-05-30,12.5,10,15
2013-05-31,13,10,16
2013-06-01,16,12,20
2013-06-02,12.5,8,17
2013-06-03,12.5,8,17
2013-06-04,13,8,18
2013-06-05,17.5,12,23
2013-06-06,21,15,27
2013-06-07,21.5,17,26
2013-06-08,20,16,24
2013-06-09,14.5,13,16
2013-06-10,15.5,11,20
2013-06-11,17,14,20
2013-06-12,18.5,16,21
2013-06-13,14,12,16
2013-06-14,15,11,19
2013-06-15,15.5,12,19
2013-06-16,17.5,12,23
2013-06-17,22,16,28
2013-06-18,24,19,29
2013-06-19,22,18,26
2013-06-20,19.5,17,22
2013-06-21,17,14,20
2013-06-22,14.5,13,16
2013-06-23,14.5,12,17
2013-06-24,14,11,17
2013-06-25,14.5,10,19
2013-06-26,16,12,20
2013-06-27,15.5,11,20
2013-06-28,15,12,18
2013-06-29,17,14,20
2013-06-30,18.5,13,24
2013-07-01,19.5,15,24
2013-07-02,19.5,15,24
2013-07-03,17,15,19
2013-07-04,16.5,12,21
2013-07-05,20.5,16,25
2013-07-06,21.5,16,27
2013-07-07,23.5,19,28
2013-07-08,22,17,27
2013-07-09,23,18,28
2013-07-10,21.5,17,26
2013-07-11,17.5,13,22
2013-07-12,18.5,12,25
2013-07-13,19,14,24
2013-07-14,22,16,28
2013-07-15,24,19,29
2013-07-16,24,20,28
2013-07-17,24,19,29
2013-07-18,23.5,18,29
2013-07-19,23.5,18,29
2013-07-20,24.5,18,31
2013-07-21,26.5,20,33
2013-07-22,29.5,23,36
2013-07-23,29.5,25,34
2013-07-24,23.5,18,29
2013-07-25,23.5,19,28
2013-07-26,24.5,21,28
2013-07-27,25.5,21,30
2013-07-28,21,17,25
2013-07-29,20,16,24
2013-07-30,19,15,23
2013-07-31,22.5,18,27
2013-08-01,28,21,35
2013-08-02,27.5,23,32
2013-08-03,22,18,26
2013-08-04,23,18,28
2013-08-05,25,20,30
2013-08-06,21,15,27
2013-08-07,18.5,15,22
2013-08-08,19.5,15,24
2013-08-09,20,16,24
2013-08-10,17.5,13,22
2013-08-11,19,14,24
2013-08-12,19.5,16,23
2013-08-13,17,12,22
2013-08-14,18.5,13,24
2013-08-15,22,16,28
2013-08-16,23.5,18,29
2013-08-17,21,16,26
2013-08-18,21,18,24
2013-08-19,19,15,23
2013-08-20,22,14,30
2013-08-21,21.5,16,27
2013-08-22,21.5,16,27
2013-08-23,23,16,30
2013-08-24,19.5,17,22
2013-08-25,13.5,12,15
2013-08-26,18,12,24
2013-08-27,18,14,22
2013-08-28,18,13,23
2013-08-29,19.5,14,25
2013-08-30,19.5,14,25
2013-08-31,19.5,16,23
2013-09-01,15.5,10,21
2013-09-02,18.5,11,26
2013-09-03,20.5,13,28
2013-09-04,25,17,33
2013-09-05,25,18,32
2013-09-06,20.5,16,25
2013-09-07,17,13,21
2013-09-08,16.5,12,21
2013-09-09,13.5,11,16
2013-09-10,14,10,18
2013-09-11,14,11,17
2013-09-12,14.5,11,18
2013-09-13,14,11,17
2013-09-14,15.5,14,17
2013-09-15,14,9,19
2013-09-16,14,13,15
2013-09-17,11.5,8,15
2013-09-18,14.5,13,16
2013-09-19,13,9,17
2013-09-20,16,13,19
2013-09-21,16,10,22
2013-09-22,18,14,22
2013-09-23,19,12,26
2013-09-24,19,11,27
2013-09-25,18,11,25
2013-09-26,19,14,24
2013-09-27,18.5,13,24
2013-09-28,18,16,20
2013-09-29,17.5,14,21
2013-09-30,16.5,12,21
2013-10-01,16.5,13,20
2013-10-02,18,13,23
2013-10-03,18.5,14,23
2013-10-04,18.5,16,21
2013-10-05,16.5,14,19
2013-10-06,15.5,11,20
2013-10-07,16,12,20
2013-10-08,15,11,19
2013-10-09,14.5,12,17
2013-10-10,9.5,7,12
2013-10-11,9.5,7,12
2013-10-12,8.5,5,12
2013-10-13,8.5,5,12
2013-10-14,12,9,15
2013-10-15,11.5,8,15
2013-10-16,10,7,13
2013-10-17,13.5,9,18
2013-10-18,13.5,10,17
2013-10-19,14.5,11,18
2013-10-20,16,13,19
2013-10-21,16,12,20
2013-10-22,18.5,14,23
2013-10-23,16.5,14,19
2013-10-24,14.5,11,18
2013-10-25,17,14,20
2013-10-26,17,15,19
2013-10-27,15,13,17
2013-10-28,15,14,16
2013-10-29,10.5,8,13
2013-10-30,10.5,6,15
2013-10-31,9,5,13
2013-11-01,8.5,8,9
2013-11-02,14,13,15
2013-11-03,9,7,11
2013-11-04,10.5,9,12
2013-11-05,7.5,4,11
2013-11-06,14,12,16
2013-11-07,14.5,13,16
2013-11-08,11.5,10,13
2013-11-09,8,5,11
2013-11-10,8,7,9
2013-11-11,7,5,9
2013-11-12,8.5,7,10
2013-11-13,9,6,12
2013-11-14,5.5,2,9
2013-11-15,6.5,4,9
2013-11-16,4,2,6
2013-11-17,4,2,6
2013-11-18,4,1,7
2013-11-19,6,4,8
2013-11-20,3.5,1,6
2013-11-21,3,2,4
2013-11-22,1.5,-1,4
2013-11-23,4,2,6
2013-11-24,4,1,7
2013-11-25,4.5,2,7
2013-11-26,4,2,6
2013-11-27,4.5,2,7
2013-11-28,3.5,1,6
2013-11-29,7.5,6,9
2013-11-30,5.5,3,8
2013-12-01,5.5,3,8
2013-12-02,5,2,8
2013-12-03,3.5,0,7
2013-12-04,4.5,2,7
2013-12-05,5,3,7
2013-12-06,6.5,6,7
2013-12-07,4.5,3,6
2013-12-08,6.5,3,10
2013-12-09,4.5,2,7
2013-12-10,6,2,10
2013-12-11,5.5,3,8
2013-12-12,3,0,6
2013-12-13,3,1,5
2013-12-14,6,4,8
2013-12-15,5,3,7
2013-12-16,5.5,3,8
2013-12-17,6,4,8
2013-12-18,7.5,6,9
2013-12-19,8,7,9
2013-12-20,6,4,8
2013-12-21,4,2,6
2013-12-22,7.5,6,9
2013-12-23,8.5,7,10
2013-12-24,9,8,10
2013-12-25,7.5,6,9
2013-12-26,5.5,4,7
2013-12-27,8.5,6,11
2013-12-28,8.5,7,10
2013-12-29,5,3,7
2013-12-30,4,2,6
2013-12-31,4.5,3,6
2014-01-01,6.5,4,9
2014-01-02,9,8,10
2014-01-03,10.5,9,12
2014-01-04,8.5,6,11
2014-01-05,5,3,7
2014-01-06,10.5,9,12
2014-01-07,9,7,11
2014-01-08,10,8,12
2014-01-09,9.5,9,10
2014-01-10,5.5,4,7
2014-01-11,7,5,9
2014-01-12,4.5,2,7
2014-01-13,7.5,6,9
2014-01-14,5,4,6
2014-01-15,6,4,8
2014-01-16,8,7,9
2014-01-17,6.5,4,9
2014-01-18,6,3,9
2014-01-19,7.5,6,9
2014-01-20,5.5,4,7
2014-01-21,2,0,4
2014-01-22,2.5,0,5
2014-01-23,6,4,8
2014-01-24,4,2,6
2014-01-25,5.5,3,8
2014-01-26,6,3,9
2014-01-27,4,2,6
2014-01-28,4,2,6
2014-01-29,3.5,2,5
2014-01-30,5,3,7
2014-01-31,4,1,7
2014-02-01,7,6,8
2014-02-02,4.5,1,8
2014-02-03,4.5,2,7
2014-02-04,5.5,3,8
2014-02-05,6.5,4,9
2014-02-06,6.5,4,9
2014-02-07,8,7,9
2014-02-08,7.5,6,9
2014-02-09,5.5,3,8
2014-02-10,6.5,4,9
2014-02-11,5,2,8
2014-02-12,5,1,9
2014-02-13,6,5,7
2014-02-14,7,3,11
2014-02-15,9,8,10
2014-02-16,6.5,3,10
2014-02-17,7,4,10
2014-02-18,7,4,10
2014-02-19,8,5,11
2014-02-20,9,7,11
2014-02-21,6.5,4,9
2014-02-22,5,3,7
2014-02-23,7.5,3,12
2014-02-24,8.5,4,13
2014-02-25,9,6,12
2014-02-26,7,3,11
2014-02-27,5,3,7
2014-02-28,6,4,8
2014-03-01,6,3,9
2014-03-02,5.5,2,9
2014-03-03,6,3,9
2014-03-04,6,2,10
2014-03-05,8,4,12
2014-03-06,9,4,14
2014-03-07,10,5,15
2014-03-08,12,6,18
2014-03-09,15,7,23
2014-03-10,14,10,18
2014-03-11,11,7,15
2014-03-12,13.5,8,19
2014-03-13,15.5,9,22
2014-03-14,14.5,9,20
2014-03-15,11,7,15
2014-03-16,12,6,18
2014-03-17,9.5,5,14
2014-03-18,9.5,6,13
2014-03-19,11,6,16
2014-03-20,12.5,6,19
2014-03-21,11,9,13
2014-03-22,8.5,6,11
2014-03-23,5.5,1,10
2014-03-24,8.5,5,12
2014-03-25,9,5,13
2014-03-26,8.5,5,12
2014-03-27,6.5,1,12
2014-03-28,9,3,15
2014-03-29,12.5,6,19
2014-03-30,14.5,9,20
2014-03-31,14.5,10,19
2014-04-01,15.5,10,21
2014-04-02,15.5,10,21
2014-04-03,15.5,11,20
2014-04-04,13.5,10,17
2014-04-05,13.5,8,19
2014-04-06,15,10,20
2014-04-07,16,11,21
2014-04-08,9.5,6,13
2014-04-09,11,5,17
2014-04-10,14.5,8,21
2014-04-11,12.5,7,18
2014-04-12,12,7,17
2014-04-13,11,6,16
2014-04-14,11,6,16
2014-04-15,9,4,14
2014-04-16,10,4,16
2014-04-17,12.5,6,19
2014-04-18,10.5,8,13
2014-04-19,8.5,3,14
2014-04-20,12.5,8,17
2014-04-21,12.5,10,15
2014-04-22,13.5,9,18
2014-04-23,15,10,20
2014-04-24,15.5,11,20
2014-04-25,14,12,16
2014-04-26,10,8,12
2014-04-27,10.5,7,14
2014-04-28,11.5,8,15
2014-04-29,12,7,17
2014-04-30,14,9,19
2014-05-01,12.5,10,15
2014-05-02,12,9,15
2014-05-03,10,5,15
2014-05-04,11.5,5,18
2014-05-05,15.5,10,21
2014-05-06,15.5,12,19
2014-05-07,12.5,9,16
2014-05-08,13.5,11,16
2014-05-09,14.5,13,16
2014-05-10,12.5,10,15
2014-05-11,10.5,8,13
2014-05-12,10.5,7,14
2014-05-13,10.5,7,14
2014-05-14,12.5,8,17
2014-05-15,11.5,6,17
2014-05-16,13.5,8,19
2014-05-17,15.5,10,21
2014-05-18,18,13,23
2014-05-19,18.5,14,23
2014-05-20,17,14,20
2014-05-21,17,13,21
2014-05-22,16,12,20
2014-05-23,15,11,19
2014-05-24,11.5,8,15
2014-05-25,15.5,11,20
2014-05-26,16,14,18
2014-05-27,14,12,16
2014-05-28,14,12,16
2014-05-29,15,11,19
2014-05-30,17.5,14,21
2014-05-31,16,11,21
2014-06-01,14,10,18
2014-06-02,16,12,20
2014-06-03,16.5,15,18
2014-06-04,14.5,13,16
2014-06-05,14.5,10,19
2014-06-06,21,14,28
2014-06-07,23,19,27
2014-06-08,23.5,18,29
2014-06-09,25.5,21,30
2014-06-10,21.5,19,24
2014-06-11,20,16,24
2014-06-12,19.5,15,24
2014-06-13,19.5,15,24
2014-06-14,17.5,14,21
2014-06-15,15.5,11,20
2014-06-16,15.5,11,20
2014-06-17,14.5,12,17
2014-06-18,17,12,22
2014-06-19,17.5,12,23
2014-06-20,18,13,23
2014-06-21,19.5,13,26
2014-06-22,20.5,16,25
2014-06-23,19.5,15,24
2014-06-24,21.5,16,27
2014-06-25,18,13,23
2014-06-26,20,15,25
2014-06-27,19,15,23
2014-06-28,16.5,14,19
2014-06-29,15,12,18
2014-06-30,17.5,12,23
2014-07-01,18.5,14,23
2014-07-02,19.5,13,26
2014-07-03,24,19,29
2014-07-04,22.5,20,25
2014-07-05,19,16,22
2014-07-06,17,15,19
2014-07-07,17.5,15,20
2014-07-08,17,14,20
2014-07-09,14,12,16
2014-07-10,15,13,17
2014-07-11,17,14,20
2014-07-12,18.5,15,22
2014-07-13,18,16,20
2014-07-14,17.5,12,23
2014-07-15,20.5,17,24
2014-07-16,23,18,28
2014-07-17,26,20,32
2014-07-18,28,22,34
2014-07-19,25.5,22,29
2014-07-20,22.5,20,25
2014-07-21,19.5,16,23
2014-07-22,18,16,20
2014-07-23,23,18,28
2014-07-24,24,19,29
2014-07-25,23.5,20,27
2014-07-26,20.5,16,25
2014-07-27,22,17,27
2014-07-28,19,15,23
2014-07-29,19.5,15,24
2014-07-30,20,16,24
2014-07-31,22.5,18,27
2014-08-01,21.5,16,27
2014-08-02,20,16,24
2014-08-03,19.5,16,23
2014-08-04,19,15,23
2014-08-05,21,17,25
2014-08-06,18.5,16,21
2014-08-07,20.5,17,24
2014-08-08,20.5,17,24
2014-08-09,19,15,23
2014-08-10,20.5,17,24
2014-08-11,17.5,14,21
2014-08-12,16,12,20
2014-08-13,16.5,13,20
2014-08-14,16,12,20
2014-08-15,15.5,11,20
2014-08-16,17,12,22
2014-08-17,15.5,12,19
2014-08-18,16.5,13,20
2014-08-19,14.5,11,18
2014-08-20,15.5,11,20
2014-08-21,15.5,11,20
2014-08-22,16,12,20
2014-08-23,15,11,19
2014-08-24,15,10,20
2014-08-25,15,13,17
2014-08-26,17.5,14,21
2014-08-27,17.5,13,22
2014-08-28,20,16,24
2014-08-29,18.5,15,22
2014-08-30,18.5,14,23
2014-08-31,16,12,20
2014-09-01,17,11,23
2014-09-02,19,14,24
2014-09-03,19.5,14,25
2014-09-04,17.5,13,22
2014-09-05,19.5,16,23
2014-09-06,19.5,15,24
2014-09-07,20.5,15,26
2014-09-08,21,16,26
2014-09-09,18,13,23
2014-09-10,16,10,22
2014-09-11,15.5,10,21
2014-09-12,17,11,23
2014-09-13,16,13,19
2014-09-14,16.5,11,22
2014-09-15,20,13,27
2014-09-16,21,15,27
2014-09-17,21,16,26
2014-09-18,22,17,27
2014-09-19,21.5,16,27
2014-09-20,21.5,16,27
2014-09-21,17.5,15,20
2014-09-22,14,10,18
2014-09-23,14,9,19
2014-09-24,14.5,9,20
2014-09-25,14.5,9,20
2014-09-26,16,10,22
2014-09-27,18.5,13,24
2014-09-28,18.5,13,24
2014-09-29,19,16,22
2014-09-30,18,13,23
2014-10-01,18.5,13,24
2014-10-02,18.5,14,23
2014-10-03,18.5,13,24
2014-10-04,18,13,23
2014-10-05,11.5,9,14
2014-10-06,11.5,8,15
2014-10-07,13.5,12,15
2014-10-08,16.5,13,20
2014-10-09,16.5,15,18
2014-10-10,15,12,18
2014-10-11,14.5,11,18
2014-10-12,14,10,18
2014-10-13,14.5,12,17
2014-10-14,13,9,17
2014-10-15,13,9,17
2014-10-16,15.5,13,18
2014-10-17,15,12,18
2014-10-18,19,14,24
2014-10-19,19,15,23
2014-10-20,14.5,13,16
2014-10-21,12.5,10,15
2014-10-22,9,6,12
2014-10-23,12,9,15
2014-10-24,12,9,15
2014-10-25,13.5,10,17
2014-10-26,14,11,17
2014-10-27,13.5,9,18
2014-10-28,11,8,14
2014-10-29,12.5,8,17
2014-10-30,14.5,11,18
2014-10-31,15.5,11,20
2014-11-01,16,12,20
2014-11-02,14.5,12,17
2014-11-03,12.5,11,14
2014-11-04,10,8,12
2014-11-05,8,5,11
2014-11-06,9,6,12
2014-11-07,9.5,7,12
2014-11-08,10,7,13
2014-11-09,9.5,7,12
2014-11-10,9,6,12
2014-11-11,10.5,6,15
2014-11-12,11.5,9,14
2014-11-13,10,7,13
2014-11-14,9.5,9,10
2014-11-15,10.5,9,12
2014-11-16,8,6,10
2014-11-17,8.5,7,10
2014-11-18,8.5,7,10
2014-11-19,8,6,10
2014-11-20,7.5,6,9
2014-11-21,7.5,5,10
2014-11-22,10.5,8,13
2014-11-23,12,10,14
2014-11-24,9.5,8,11
2014-11-25,8.5,7,10
2014-11-26,10.5,9,12
2014-11-27,10,8,12
2014-11-28,10.5,8,13
2014-11-29,7.5,5,10
2014-11-30,3,1,5
2014-12-01,4.5,3,6
2014-12-02,2.5,2,3
2014-12-03,2,1,3
2014-12-04,2.5,1,4
2014-12-05,4,3,5
2014-12-06,3.5,1,6
2014-12-07,2.5,0,5
2014-12-08,3,1,5
2014-12-09,2,-1,5
2014-12-10,6.5,4,9
2014-12-11,7.5,6,9
2014-12-12,9,8,10
2014-12-13,5.5,3,8
2014-12-14,1.5,0,3
2014-12-15,3,1,5
2014-12-16,5.5,3,8
2014-12-17,7.5,5,10
2014-12-18,12,11,13
2014-12-19,11.5,11,12
2014-12-20,7,6,8
2014-12-21,6.5,5,8
2014-12-22,8,6,10
2014-12-23,8.5,8,9
2014-12-24,9,7,11
2014-12-25,6,4,8
2014-12-26,3,1,5
2014-12-27,6,4,8
2014-12-28,-0.5,-2,1
2014-12-29,0,-3,3
2014-12-30,2,0,4
2014-12-31,3.5,2,5
2015-01-01,3,2,4
2015-01-02,5.5,3,8
2015-01-03,6.5,2,11
2015-01-04,4.5,3,6
2015-01-05,3,1,5
2015-01-06,2,0,4
2015-01-07,2.5,0,5
2015-01-08,8,6,10
2015-01-09,10,7,13
2015-01-10,12.5,12,13
2015-01-11,6,4,8
2015-01-12,6,4,8
2015-01-13,7,5,9
2015-01-14,6,4,8
2015-01-15,9,8,10
2015-01-16,7,6,8
2015-01-17,4,2,6
2015-01-18,3,1,5
2015-01-19,2,1,3
2015-01-20,1.5,-1,4
2015-01-21,1.5,-1,4
2015-01-22,1,-1,3
2015-01-23,0,-3,3
2015-01-24,2.5,0,5
2015-01-25,3,0,6
2015-01-26,5.5,3,8
2015-01-27,5,2,8
2015-01-28,6.5,5,8
2015-01-29,6,5,7
2015-01-30,4,2,6
2015-01-31,2.5,0,5
2015-02-01,2,0,4
2015-02-02,2,1,3
2015-02-03,1,-1,3
2015-02-04,1.5,-1,4
2015-02-05,0.5,-2,3
2015-02-06,-1,-3,1
2015-02-07,1,-3,5
2015-02-08,4.5,3,6
2015-02-09,4,1,7
2015-02-10,4.5,2,7
2015-02-11,3.5,1,6
2015-02-12,4.5,1,8
2015-02-13,6.5,2,11
2015-02-14,7.5,6,9
2015-02-15,6.5,4,9
2015-02-16,6,3,9
2015-02-17,5,3,7
2015-02-18,5,1,9
2015-02-19,4,1,7
2015-02-20,6.5,5,8
2015-02-21,4,2,6
2015-02-22,4.5,2,7
2015-02-23,9,8,10
2015-02-24,5.5,2,9
2015-02-25,5.5,3,8
2015-02-26,9,7,11
2015-02-27,5,2,8
2015-02-28,5,2,8
2015-03-01,9.5,9,10
2015-03-02,8,6,10
2015-03-03,7,3,11
2015-03-04,5,2,8
2015-03-05,6.5,2,11
2015-03-06,7.5,3,12
2015-03-07,8.5,3,14
2015-03-08,12.5,5,20
2015-03-09,10.5,7,14
2015-03-10,9.5,8,11
2015-03-11,7.5,4,11
2015-03-12,7.5,4,11
2015-03-13,7,3,11
2015-03-14,7.5,3,12
2015-03-15,9,4,14
2015-03-16,9.5,5,14
2015-03-17,8,5,11
2015-03-18,7,3,11
2015-03-19,7.5,7,8
2015-03-20,8,3,13
2015-03-21,6,3,9
2015-03-22,6.5,4,9
2015-03-23,9,1,17
2015-03-24,6,4,8
2015-03-25,6.5,3,10
2015-03-26,5.5,2,9
2015-03-27,7.5,3,12
2015-03-28,11,7,15
2015-03-29,10.5,9,12
2015-03-30,10.5,9,12
2015-03-31,12.5,11,14
2015-04-01,7,4,10
2015-04-02,9,8,10
2015-04-03,9,7,11
2015-04-04,8,6,10
2015-04-05,6,1,11
2015-04-06,8.5,4,13
2015-04-07,10.5,5,16
2015-04-08,13,7,19
2015-04-09,16,8,24
2015-04-10,15,11,19
2015-04-11,13,11,15
2015-04-12,13,7,19
2015-04-13,10,6,14
2015-04-14,11,7,15
2015-04-15,10.5,7,14
2015-04-16,18.5,14,23
2015-04-17,15,12,18
2015-04-18,10.5,6,15
2015-04-19,10,5,15
2015-04-20,14,8,20
2015-04-21,15,9,21
2015-04-22,13.5,8,19
2015-04-23,16,9,23
2015-04-24,17,13,21
2015-04-25,15.5,12,19
2015-04-26,14,12,16
2015-04-27,11,8,14
2015-04-28,11,8,14
2015-04-29,11.5,8,15
2015-04-30,9.5,7,12
2015-05-01,10.5,9,12
2015-05-02,11.5,9,14
2015-05-03,15.5,14,17
2015-05-04,16,11,21
2015-05-05,15.5,14,17
2015-05-06,13,10,16
2015-05-07,12,8,16
2015-05-08,15.5,11,20
2015-05-09,16,13,19
2015-05-10,17.5,14,21
2015-05-11,20.5,14,27
2015-05-12,16.5,14,19
2015-05-13,15.5,11,20
2015-05-14,15,12,18
2015-05-15,12,8,16
2015-05-16,12.5,9,16
2015-05-17,14,8,20
2015-05-18,15,11,19
2015-05-19,10.5,7,14
2015-05-20,10,6,14
2015-05-21,12.5,9,16
2015-05-22,14,9,19
2015-05-23,15.5,11,20
2015-05-24,15.5,11,20
2015-05-25,15.5,12,19
2015-05-26,13.5,10,17
2015-05-27,16.5,12,21
2015-05-28,15,12,18
2015-05-29,13.5,10,17
2015-05-30,13.5,9,18
2015-05-31,15,13,17
2015-06-01,13.5,9,18
2015-06-02,16.5,12,21
2015-06-03,17.5,14,21
2015-06-04,19.5,13,26
2015-06-05,26,22,30
2015-06-06,17,12,22
2015-06-07,16,11,21
2015-06-08,14.5,10,19
2015-06-09,14,10,18
2015-06-10,16.5,11,22
2015-06-11,21.5,16,27
2015-06-12,22.5,19,26
2015-06-13,20,16,24
2015-06-14,19,14,24
2015-06-15,15.5,13,18
2015-06-16,15.5,11,20
2015-06-17,17.5,13,22
2015-06-18,17.5,16,19
2015-06-19,17,14,20
2015-06-20,16.5,13,20
2015-06-21,18,14,22
2015-06-22,14.5,13,16
2015-06-23,15.5,12,19
2015-06-24,18.5,14,23
2015-06-25,22.5,19,26
2015-06-26,26,22,30
2015-06-27,19.5,15,24
2015-06-28,23,17,29
2015-06-29,21.5,16,27
2015-06-30,26.5,21,32
2015-07-01,30.5,24,37
2015-07-02,26.5,21,32
2015-07-03,26.5,18,35
2015-07-04,28.5,24,33
2015-07-05,21.5,18,25
2015-07-06,26,21,31
2015-07-07,24,20,28
2015-07-08,16.5,14,19
2015-07-09,19,14,24
2015-07-10,21.5,15,28
2015-07-11,22.5,19,26
2015-07-12,19.5,16,23
2015-07-13,21,18,24
2015-07-14,20.5,17,24
2015-07-15,23.5,19,28
2015-07-16,27,19,35
2015-07-17,24,19,29
2015-07-18,23.5,18,29
2015-07-19,21.5,17,26
2015-07-20,22.5,19,26
2015-07-21,24,20,28
2015-07-22,22.5,18,27
2015-07-23,20,15,25
2015-07-24,21,16,26
2015-07-25,17,14,20
2015-07-26,16,14,18
2015-07-27,18,15,21
2015-07-28,15.5,13,18
2015-07-29,16,12,20
2015-07-30,16,12,20
2015-07-31,17.5,12,23
2015-08-01,20.5,15,26
2015-08-02,23.5,17,30
2015-08-03,27,21,33
2015-08-04,20.5,17,24
2015-08-05,23.5,17,30
2015-08-06,23.5,18,29
2015-08-07,23,16,30
2015-08-08,22.5,18,27
2015-08-09,21.5,18,25
2015-08-10,22.5,17,28
2015-08-11,24,18,30
2015-08-12,26.5,20,33
2015-08-13,25.5,22,29
2015-08-14,20.5,17,24
2015-08-15,18,15,21
2015-08-16,17,13,21
2015-08-17,17.5,14,21
2015-08-18,17.5,14,21
2015-08-19,19.5,15,24
2015-08-20,21,18,24
2015-08-21,23.5,18,29
2015-08-22,25.5,20,31
2015-08-23,21,19,23
2015-08-24,17.5,16,19
2015-08-25,16.5,11,22
2015-08-26,22.5,15,30
2015-08-27,17,15,19
2015-08-28,18,13,23
2015-08-29,23.5,16,31
2015-08-30,27.5,22,33
2015-08-31,24,20,28
2015-09-01,17,13,21
2015-09-02,16,12,20
2015-09-03,15,11,19
2015-09-04,11.5,10,13
2015-09-05,18,15,21
2015-09-06,17.5,14,21
2015-09-07,14,9,19
2015-09-08,15,10,20
2015-09-09,17,12,22
2015-09-10,16.5,11,22
2015-09-11,18,12,24
2015-09-12,18,16,20
2015-09-13,16.5,13,20
2015-09-14,15.5,13,18
2015-09-15,15.5,12,19
2015-09-16,15.5,14,17
2015-09-17,15,11,19
2015-09-18,15,11,19
2015-09-19,15.5,11,20
2015-09-20,16,11,21
2015-09-21,14.5,10,19
2015-09-22,14,12,16
2015-09-23,13,9,17
2015-09-24,14,10,18
2015-09-25,14.5,11,18
2015-09-26,13.5,9,18
2015-09-27,14.5,9,20
2015-09-28,13.5,9,18
2015-09-29,13.5,8,19
2015-09-30,13,8,18
2015-10-01,12.5,8,17
2015-10-02,14,8,20
2015-10-03,15.5,9,22
2015-10-04,14.5,9,20
2015-10-05,16,12,20
2015-10-06,18,14,22
2015-10-07,14.5,13,16
2015-10-08,13.5,11,16
2015-10-09,13,9,17
2015-10-10,13,8,18
2015-10-11,12,8,16
2015-10-12,12,8,16
2015-10-13,9,6,12
2015-10-14,6.5,2,11
2015-10-15,6,3,9
2015-10-16,8,6,10
2015-10-17,10.5,7,14
2015-10-18,8,5,11
2015-10-19,9,5,13
2015-10-20,11,8,14
2015-10-21,10.5,7,14
2015-10-22,13.5,12,15
2015-10-23,13,11,15
2015-10-24,12,9,15
2015-10-25,12,10,14
2015-10-26,12.5,8,17
2015-10-27,14.5,10,19
2015-10-28,14.5,13,16
2015-10-29,12,9,15
2015-10-30,12.5,9,16
2015-10-31,13.5,8,19
2015-11-01,17,12,22
2015-11-02,11.5,8,15
2015-11-03,14,12,16
2015-11-04,14.5,13,16
2015-11-05,15,12,18
2015-11-06,16,14,18
2015-11-07,18,15,21
2015-11-08,16.5,13,20
2015-11-09,15,14,16
2015-11-10,12,9,15
2015-11-11,13,10,16
2015-11-12,12.5,10,15
2015-11-13,13.5,12,15
2015-11-14,9.5,7,12
2015-11-15,14,12,16
2015-11-16,12.5,11,14
2015-11-17,16.5,16,17
2015-11-18,12.5,11,14
2015-11-19,14,12,16
2015-11-20,11.5,9,14
2015-11-21,6,5,7
2015-11-22,4,2,6
2015-11-23,3.5,1,6
2015-11-24,4,1,7
2015-11-25,7.5,6,9
2015-11-26,6.5,4,9
2015-11-27,4.5,3,6
2015-11-28,6,4,8
2015-11-29,11,10,12
2015-11-30,11,9,13
2015-12-01,11.5,10,13
2015-12-02,11.5,10,13
2015-12-03,9,8,10
2015-12-04,11.5,10,13
2015-12-05,6.5,4,9
2015-12-06,9.5,8,11
2015-12-07,10.5,9,12
2015-12-08,9.5,8,11
2015-12-09,9,6,12
2015-12-10,4.5,3,6
2015-12-11,6,3,9
2015-12-12,9.5,8,11
2015-12-13,6.5,5,8
2015-12-14,5.5,3,8
2015-12-15,8,6,10
2015-12-16,12.5,11,14
2015-12-17,12,10,14
2015-12-18,6.5,3,10
2015-12-19,5,4,6
2015-12-20,4.5,3,6
2015-12-21,10.5,9,12
2015-12-22,11.5,10,13
2015-12-23,11.5,10,13
2015-12-24,11,9,13
2015-12-25,11.5,10,13
2015-12-26,10,8,12
2015-12-27,9,7,11
2015-12-28,4.5,2,7
2015-12-29,8,5,11
2015-12-30,8.5,7,10
2015-12-31,8.5,7,10
2016-01-01,6.5,5,8
2016-01-02,9,8,10
2016-01-03,7,5,9
2016-01-04,4.5,2,7
2016-01-05,6,4,8
2016-01-06,7.5,6,9
2016-01-07,9,6,12
2016-01-08,6.5,5,8
2016-01-09,6.5,4,9
2016-01-10,7.5,5,10
2016-01-11,7.5,6,9
2016-01-12,6.5,5,8
2016-01-13,5,3,7
2016-01-14,5,3,7
2016-01-15,3,1,5
2016-01-16,2.5,0,5
2016-01-17,3,2,4
2016-01-18,0,-1,1
2016-01-19,-1,-3,1
2016-01-20,0.5,-2,3
2016-01-21,1,-2,4
2016-01-22,1.5,-1,4
2016-01-23,6,3,9
2016-01-24,7,4,10
2016-01-25,8.5,5,12
2016-01-26,10,8,12
2016-01-27,10,9,11
2016-01-28,9,8,10
2016-01-29,7,4,10
2016-01-30,9,8,10
2016-01-31,10,7,13
2016-02-01,11,10,12
2016-02-02,11,10,12
2016-02-03,6.5,5,8
2016-02-04,7,3,11
2016-02-05,10.5,9,12
2016-02-06,10.5,8,13
2016-02-07,9,7,11
2016-02-08,10.5,10,11
2016-02-09,9.5,7,12
2016-02-10,6,4,8
2016-02-11,5,2,8
2016-02-12,3.5,2,5
2016-02-13,7,4,10
2016-02-14,6,4,8
2016-02-15,4,2,6
2016-02-16,3,0,6
2016-02-17,3,2,4
2016-02-18,2,-1,5
2016-02-19,4,0,8
2016-02-20,10,8,12
2016-02-21,12.5,11,14
2016-02-22,9.5,7,12
2016-02-23,7.5,6,9
2016-02-24,5.5,3,8
2016-02-25,5.5,1,10
2016-02-26,4.5,2,7
2016-02-27,3.5,0,7
2016-02-28,3.5,0,7
2016-02-29,3.5,0,7
2016-03-01,5.5,2,9
2016-03-02,8.5,7,10
2016-03-03,6.5,5,8
2016-03-04,7.5,6,9
2016-03-05,4,2,6
2016-03-06,4,1,7
2016-03-07,3,1,5
2016-03-08,5,2,8
2016-03-09,6.5,4,9
2016-03-10,6,2,10
2016-03-11,7.5,4,11
2016-03-12,7,3,11
2016-03-13,5.5,1,10
2016-03-14,5,1,9
2016-03-15,6.5,2,11
2016-03-16,4.5,2,7
2016-03-17,8,2,14
2016-03-18,7.5,3,12
2016-03-19,5,2,8
2016-03-20,5,1,9
2016-03-21,7.5,5,10
2016-03-22,8.5,5,12
2016-03-23,7,3,11
2016-03-24,8,5,11
2016-03-25,10,7,13
2016-03-26,10,6,14
2016-03-27,9.5,6,13
2016-03-28,11,9,13
2016-03-29,9,5,13
2016-03-30,10,8,12
2016-03-31,6.5,6,7
2016-04-01,7.5,3,12
2016-04-02,9.5,5,14
2016-04-03,14.5,9,20
2016-04-04,12.5,9,16
2016-04-05,12.5,9,16
2016-04-06,10,6,14
2016-04-07,7.5,4,11
2016-04-08,8.5,4,13
2016-04-09,9.5,6,13
2016-04-10,10.5,5,16
2016-04-11,11.5,8,15
2016-04-12,11.5,7,16
2016-04-13,10,6,14
2016-04-14,11,7,15
2016-04-15,10.5,7,14
2016-04-16,11,7,15
2016-04-17,11.5,7,16
2016-04-18,11,7,15
2016-04-19,11.5,7,16
2016-04-20,12.5,8,17
2016-04-21,15,9,21
2016-04-22,15,12,18
2016-04-23,9,7,11
2016-04-24,6,3,9
2016-04-25,7.5,4,11
2016-04-26,7,5,9
2016-04-27,6.5,2,11
2016-04-28,8,5,11
2016-04-29,9,5,13
2016-04-30,8.5,6,11
2016-05-01,9.5,5,14
2016-05-02,13,8,18
2016-05-03,11.5,7,16
2016-05-04,14.5,9,20
2016-05-05,14,9,19
2016-05-06,18,13,23
2016-05-07,18,14,22
2016-05-08,19.5,15,24
2016-05-09,18,15,21
2016-05-10,16.5,14,19
2016-05-11,17,15,19
2016-05-12,16.5,14,19
2016-05-13,18,14,22
2016-05-14,9.5,8,11
2016-05-15,10,7,13
2016-05-16,12,9,15
2016-05-17,13.5,10,17
2016-05-18,14,12,16
2016-05-19,13.5,10,17
2016-05-20,14,10,18
2016-05-21,15,11,19
2016-05-22,14.5,14,15
2016-05-23,12,10,14
2016-05-24,11.5,9,14
2016-05-25,13,8,18
2016-05-26,12.5,12,13
2016-05-27,16.5,13,20
2016-05-28,16,13,19
2016-05-29,16.5,14,19
2016-05-30,13,12,14
2016-05-31,16,13,19
2016-06-01,16,14,18
2016-06-02,14,13,15
2016-06-03,13,11,15
2016-06-04,14,12,16
2016-06-05,17,14,20
2016-06-06,21,17,25
2016-06-07,22,19,25
2016-06-08,18.5,14,23
2016-06-09,17,12,22
2016-06-10,14.5,14,15
2016-06-11,18,16,20
2016-06-12,16.5,14,19
2016-06-13,14.5,12,17
2016-06-14,15.5,13,18
2016-06-15,11.5,11,12
2016-06-16,16,13,19
2016-06-17,15.5,12,19
2016-06-18,15.5,12,19
2016-06-19,16,12,20
2016-06-20,15,14,16
2016-06-21,19,16,22
2016-06-22,23.5,19,28
2016-06-23,25.5,22,29
2016-06-24,19,16,22
2016-06-25,16,13,19
2016-06-26,15.5,12,19
2016-06-27,16,13,19
2016-06-28,17.5,14,21
2016-06-29,17.5,13,22
2016-06-30,18,15,21
2016-07-01,17.5,16,19
2016-07-02,15,12,18
2016-07-03,14.5,13,16
2016-07-04,18,15,21
2016-07-05,18.5,16,21
2016-07-06,17.5,13,22
2016-07-07,21.5,18,25
2016-07-08,22.5,20,25
2016-07-09,21.5,16,27
2016-07-10,23.5,20,27
2016-07-11,18.5,16,21
2016-07-12,17,14,20
2016-07-13,15,12,18
2016-07-14,15,11,19
2016-07-15,17.5,13,22
2016-07-16,19.5,15,24
2016-07-17,22.5,18,27
2016-07-18,21,17,25
2016-07-19,20.5,17,24
2016-07-20,20,17,23
2016-07-21,20,16,24
2016-07-22,20,16,24
2016-07-23,20.5,17,24
2016-07-24,20.5,16,25
2016-07-25,21,17,25
2016-07-26,21,17,25
2016-07-27,21.5,18,25
2016-07-28,19.5,17,22
2016-07-29,20,18,22
2016-07-30,19.5,17,22
2016-07-31,19,15,23
2016-08-01,18.5,14,23
2016-08-02,18.5,16,21
2016-08-03,21,17,25
2016-08-04,18,16,20
2016-08-05,17.5,13,22
2016-08-06,18,14,22
2016-08-07,23.5,19,28
2016-08-08,17.5,14,21
2016-08-09,17,13,21
2016-08-10,15,12,18
2016-08-11,16.5,12,21
2016-08-12,21,13,29
2016-08-13,23,15,31
2016-08-14,22,16,28
2016-08-15,21,14,28
2016-08-16,23.5,15,32
2016-08-17,23.5,17,30
2016-08-18,22,19,25
2016-08-19,20.5,17,24
2016-08-20,18.5,14,23
2016-08-21,16,13,19
2016-08-22,21.5,15,28
2016-08-23,25.5,19,32
2016-08-24,29,21,37
2016-08-25,30,23,37
2016-08-26,29,25,33
2016-08-27,28,22,34
2016-08-28,22.5,18,27
2016-08-29,19.5,16,23
2016-08-30,20.5,14,27
2016-08-31,22,18,26
2016-09-01,20.5,15,26
2016-09-02,21.5,15,28
2016-09-03,21.5,16,27
2016-09-04,19.5,18,21
2016-09-05,17.5,16,19
2016-09-06,20.5,18,23
2016-09-07,23,17,29
2016-09-08,21.5,18,25
2016-09-09,22.5,16,29
2016-09-10,21,16,26
2016-09-11,21,18,24
2016-09-12,24.5,18,31
2016-09-13,25.5,20,31
2016-09-14,22.5,17,28
2016-09-15,18.5,17,20
2016-09-16,17.5,14,21
2016-09-17,14.5,11,18
2016-09-18,17,12,22
2016-09-19,16.5,14,19
2016-09-20,17.5,14,21
2016-09-21,16.5,11,22
2016-09-22,17.5,12,23
2016-09-23,19,15,23
2016-09-24,20,15,25
2016-09-25,17,14,20
2016-09-26,15.5,10,21
2016-09-27,16,10,22
2016-09-28,18.5,14,23
2016-09-29,17.5,14,21
2016-09-30,16,12,20
2016-10-01,14,10,18
2016-10-02,12.5,8,17
2016-10-03,13.5,7,20
2016-10-04,13.5,9,18
2016-10-05,12.5,9,16
2016-10-06,10.5,6,15
2016-10-07,10.5,6,15
2016-10-08,13.5,11,16
2016-10-09,11,6,16
2016-10-10,9.5,5,14
2016-10-11,10,5,15
2016-10-12,9,4,14
2016-10-13,9,4,14
2016-10-14,9,7,11
2016-10-15,12,7,17
2016-10-16,15,10,20
2016-10-17,14,10,18
2016-10-18,12,8,16
2016-10-19,10.5,7,14
2016-10-20,11,8,14
2016-10-21,10.5,7,14
2016-10-22,10,6,14
2016-10-23,9,5,13
2016-10-24,12,10,14
2016-10-25,12,8,16
2016-10-26,12,8,16
2016-10-27,10.5,6,15
2016-10-28,10.5,6,15
2016-10-29,12,8,16
2016-10-30,12,8,16
2016-10-31,12.5,8,17
2016-11-01,11.5,9,14
2016-11-02,10.5,9,12
2016-11-03,7.5,3,12
2016-11-04,6.5,4,9
2016-11-05,8.5,7,10
2016-11-06,5.5,3,8
2016-11-07,4.5,3,6
2016-11-08,4,1,7
2016-11-09,7.5,5,10
2016-11-10,9,7,11
2016-11-11,6,4,8
2016-11-12,3.5,0,7
2016-11-13,8,7,9
2016-11-14,5.5,3,8
2016-11-15,10.5,9,12
2016-11-16,11.5,11,12
2016-11-17,11,10,12
2016-11-18,9.5,8,11
2016-11-19,6,4,8
2016-11-20,11.5,11,12
2016-11-21,13,11,15
2016-11-22,9.5,8,11
2016-11-23,11.5,9,14
2016-11-24,10.5,9,12
2016-11-25,8.5,8,9
2016-11-26,8,6,10
2016-11-27,6,4,8
2016-11-28,4,2,6
2016-11-29,2,-1,5
2016-11-30,4.5,1,8
2016-12-01,3,-2,8
2016-12-02,3,1,5
2016-12-03,3,1,5
2016-12-04,2.5,-1,6
2016-12-05,4.5,1,8
2016-12-06,5.5,2,9
2016-12-07,6.5,4,9
2016-12-08,5.5,2,9
2016-12-09,6.5,4,9
2016-12-10,6,3,9
2016-12-11,8,5,11
2016-12-12,3.5,2,5
2016-12-13,6,4,8
2016-12-14,7,5,9
2016-12-15,6.5,4,9
2016-12-16,7,5,9
2016-12-17,6.5,4,9
2016-12-18,3,0,6
2016-12-19,4,2,6
2016-12-20,3,1,5
2016-12-21,3,1,5
2016-12-22,6.5,5,8
2016-12-23,5,3,7
2016-12-24,8.5,7,10
2016-12-25,7.5,6,9
2016-12-26,10.5,10,11
2016-12-27,6.5,4,9
2016-12-28,3,0,6
2016-12-29,2.5,0,5
2016-12-30,4,1,7
2016-12-31,3,0,6
2017-01-01,-0.5,-3,2
2017-01-02,1.5,1,2
2017-01-03,1.5,-1,4
2017-01-04,3.5,2,5
2017-01-05,2.5,0,5
2017-01-06,-0.5,-3,2
2017-01-07,-1,-3,1
2017-01-08,4.5,3,6
2017-01-09,5,3,7
2017-01-10,5.5,3,8
2017-01-11,7,5,9
2017-01-12,6.5,5,8
2017-01-13,3,1,5
2017-01-14,2.5,0,5
2017-01-15,1.5,-1,4
2017-01-16,0,-2,2
2017-01-17,-1,-3,1
2017-01-18,-2.5,-5,0
2017-01-19,-1.5,-5,2
2017-01-20,-1.5,-5,2
2017-01-21,-0.5,-5,4
2017-01-22,0,-4,4
2017-01-23,0,-3,3
2017-01-24,-1,-4,2
2017-01-25,-1,-4,2
2017-01-26,-2,-6,2
2017-01-27,4,0,8
2017-01-28,6,4,8
2017-01-29,4.5,2,7
2017-01-30,9,7,11
2017-01-31,10.5,9,12
2017-02-01,9,7,11
2017-02-02,9.5,7,12
2017-02-03,8,6,10
2017-02-04,6.5,5,8
2017-02-05,7.5,5,10
2017-02-06,6.5,5,8
2017-02-07,7,5,9
2017-02-08,5,3,7
2017-02-09,4.5,3,6
2017-02-10,1.5,0,3
2017-02-11,0.5,-2,3
2017-02-12,3,0,6
2017-02-13,4.5,1,8
2017-02-14,6.5,3,10
2017-02-15,10,6,14
2017-02-16,9.5,6,13
2017-02-17,8.5,5,12
2017-02-18,7,3,11
2017-02-19,7,3,11
2017-02-20,8.5,7,10
2017-02-21,11,10,12
2017-02-22,10.5,9,12
2017-02-23,9.5,9,10
2017-02-24,6,4,8
2017-02-25,6,2,10
2017-02-26,7.5,4,11
2017-02-27,8,6,10
2017-02-28,6,4,8
2017-03-01,8.5,6,11
2017-03-02,7,4,10
2017-03-03,10,6,14
2017-03-04,9,8,10
2017-03-05,6,3,9
2017-03-06,6.5,5,8
2017-03-07,7,5,9
2017-03-08,9,6,12
2017-03-09,12,11,13
2017-03-10,10,6,14
2017-03-11,10.5,5,16
2017-03-12,11.5,7,16
2017-03-13,10,6,14
2017-03-14,9.5,5,14
2017-03-15,11.5,9,14
2017-03-16,13.5,8,19
2017-03-17,9.5,8,11
2017-03-18,10,8,12
2017-03-19,10.5,10,11
2017-03-20,10,9,11
2017-03-21,9.5,8,11
2017-03-22,7.5,3,12
2017-03-23,9,5,13
2017-03-24,10,7,13
2017-03-25,11,6,16
2017-03-26,11,6,16
2017-03-27,12.5,7,18
2017-03-28,13,9,17
2017-03-29,13.5,8,19
2017-03-30,16,11,21
2017-03-31,13.5,11,16
2017-04-01,11.5,8,15
2017-04-02,12,7,17
2017-04-03,14,8,20
2017-04-04,13,9,17
2017-04-05,10.5,7,14
2017-04-06,8.5,5,12
2017-04-07,12.5,8,17
2017-04-08,15.5,8,23
2017-04-09,19.5,12,27
2017-04-10,11.5,9,14
2017-04-11,10.5,6,15
2017-04-12,12,7,17
2017-04-13,11,8,14
2017-04-14,11,8,14
2017-04-15,10,7,13
2017-04-16,9.5,6,13
2017-04-17,10.5,8,13
2017-04-18,7.5,4,11
2017-04-19,6.5,3,10
2017-04-20,8,3,13
2017-04-21,12,6,18
2017-04-22,11.5,9,14
2017-04-23,10,6,14
2017-04-24,11,6,16
2017-04-25,8,6,10
2017-04-26,6.5,3,10
2017-04-27,6.5,2,11
2017-04-28,8.5,4,13
2017-04-29,11.5,8,15
2017-04-30,12,7,17
2017-05-01,10,7,13
2017-05-02,11.5,7,16
2017-05-03,10.5,8,13
2017-05-04,11,7,15
2017-05-05,12,7,17
2017-05-06,12,11,13
2017-05-07,12,10,14
2017-05-08,9,8,10
2017-05-09,10.5,5,16
2017-05-10,14,8,20
2017-05-11,16,12,20
2017-05-12,15.5,12,19
2017-05-13,15,12,18
2017-05-14,14.5,11,18
2017-05-15,17,12,22
2017-05-16,20.5,16,25
2017-05-17,22.5,19,26
2017-05-18,17.5,15,20
2017-05-19,12,9,15
2017-05-20,12,8,16
2017-05-21,17.5,13,22
2017-05-22,19.5,14,25
2017-05-23,17.5,13,22
2017-05-24,17.5,14,21
2017-05-25,19.5,15,24
2017-05-26,21.5,16,27
2017-05-27,23.5,20,27
2017-05-28,24,17,31
2017-05-29,24.5,22,27
2017-05-30,18.5,16,21
2017-05-31,18.5,14,23
2017-06-01,21.5,17,26
2017-06-02,22.5,20,25
2017-06-03,17,15,19
2017-06-04,14.5,11,18
2017-06-05,17,14,20
2017-06-06,13.5,12,15
2017-06-07,14,10,18
2017-06-08,19,14,24
2017-06-09,18.5,16,21
2017-06-10,21,16,26
2017-06-11,24,20,28
2017-06-12,16,13,19
2017-06-13,18,13,23
2017-06-14,22,17,27
2017-06-15,23,21,25
2017-06-16,16,13,19
2017-06-17,20.5,16,25
2017-06-18,22,18,26
2017-06-19,27.5,21,34
2017-06-20,28,25,31
2017-06-21,29.5,25,34
2017-06-22,28.5,27,30
2017-06-23,18,15,21
2017-06-24,19.5,16,23
2017-06-25,20,17,23
2017-06-26,20.5,16,25
2017-06-27,21.5,18,25
2017-06-28,18.5,16,21
2017-06-29,17,14,20
2017-06-30,16.5,14,19
2017-07-01,17,14,20
2017-07-02,15.5,12,19
2017-07-03,18.5,15,22
2017-07-04,22,17,27
2017-07-05,25,19,31
2017-07-06,26,22,30
2017-07-07,26,20,32
2017-07-08,23.5,18,29
2017-07-09,22.5,19,26
2017-07-10,20,18,22
2017-07-11,19.5,16,23
2017-07-12,19.5,17,22
2017-07-13,18.5,14,23
2017-07-14,17.5,14,21
2017-07-15,19.5,15,24
2017-07-16,21,16,26
2017-07-17,22.5,17,28
2017-07-18,26,20,32
2017-07-19,25,21,29
2017-07-20,20,19,21
2017-07-21,21,17,25
2017-07-22,19,16,22
2017-07-23,17,14,20
2017-07-24,17,14,20
2017-07-25,18.5,15,22
2017-07-26,20.5,17,24
2017-07-27,19.5,18,21
2017-07-28,20,16,24
2017-07-29,21.5,17,26
2017-07-30,22,20,24
2017-07-31,20.5,17,24
2017-08-01,21.5,18,25
2017-08-02,23,18,28
2017-08-03,22.5,20,25
2017-08-04,20,17,23
2017-08-05,20,18,22
2017-08-06,21.5,18,25
2017-08-07,21,15,27
2017-08-08,20,17,23
2017-08-09,16.5,14,19
2017-08-10,17,13,21
2017-08-11,18,14,22
2017-08-12,16.5,15,18
2017-08-13,20.5,15,26
2017-08-14,22.5,18,27
2017-08-15,23,21,25
2017-08-16,21.5,16,27
2017-08-17,21,18,24
2017-08-18,21,19,23
2017-08-19,17.5,14,21
2017-08-20,18.5,15,22
2017-08-21,21,17,25
2017-08-22,23.5,18,29
2017-08-23,24,20,28
2017-08-24,23,18,28
2017-08-25,22,17,27
2017-08-26,24.5,19,30
2017-08-27,26,20,32
2017-08-28,27,22,32
2017-08-29,28,22,34
2017-08-30,22,20,24
2017-08-31,17.5,13,22
2017-09-01,18.5,15,22
2017-09-02,17,13,21
2017-09-03,17.5,14,21
2017-09-04,20,16,24
2017-09-05,20.5,19,22
2017-09-06,16.5,15,18
2017-09-07,16,13,19
2017-09-08,16.5,15,18
2017-09-09,15.5,13,18
2017-09-10,15,11,19
2017-09-11,16,14,18
2017-09-12,15,11,19
2017-09-13,18,16,20
2017-09-14,14,11,17
2017-09-15,14,10,18
2017-09-16,13.5,10,17
2017-09-17,13.5,10,17
2017-09-18,14,10,18
2017-09-19,14.5,11,18
2017-09-20,15.5,12,19
2017-09-21,17,12,22
2017-09-22,17,13,21
2017-09-23,17,12,22
2017-09-24,18.5,13,24
2017-09-25,17.5,14,21
2017-09-26,18.5,15,22
2017-09-27,17.5,14,21
2017-09-28,18.5,16,21
2017-09-29,21,17,25
2017-09-30,16.5,14,19
2017-10-01,14.5,14,15
2017-10-02,17.5,17,18
2017-10-03,16.5,12,21
2017-10-04,15,11,19
2017-10-05,14.5,11,18
2017-10-06,11.5,10,13
2017-10-07,12.5,9,16
2017-10-08,14.5,13,16
2017-10-09,15,11,19
2017-10-10,15.5,14,17
2017-10-11,16,12,20
2017-10-12,17,14,20
2017-10-13,18.5,14,23
2017-10-14,20.5,15,26
2017-10-15,20,16,24
2017-10-16,21.5,17,26
2017-10-17,20.5,16,25
2017-10-18,19,16,22
2017-10-19,18,15,21
2017-10-20,15,13,17
2017-10-21,17,16,18
2017-10-22,12,11,13
2017-10-23,12.5,11,14
2017-10-24,16.5,14,19
2017-10-25,17,13,21
2017-10-26,17,13,21
2017-10-27,14,12,16
2017-10-28,11.5,9,14
2017-10-29,14,13,15
2017-10-30,10.5,8,13
2017-10-31,10,7,13
2017-11-01,11,7,15
2017-11-02,11.5,9,14
2017-11-03,14,11,17
2017-11-04,13.5,11,16
2017-11-05,9.5,8,11
2017-11-06,9,6,12
2017-11-07,11,8,14
2017-11-08,7,5,9
2017-11-09,8.5,5,12
2017-11-10,11.5,10,13
2017-11-11,11.5,10,13
2017-11-12,10.5,8,13
2017-11-13,7.5,6,9
2017-11-14,7.5,5,10
2017-11-15,8.5,6,11
2017-11-16,8.5,6,11
2017-11-17,9.5,8,11
2017-11-18,7.5,5,10
2017-11-19,9,8,10
2017-11-20,7.5,5,10
2017-11-21,9.5,8,11
2017-11-22,10,7,13
2017-11-23,14,13,15
2017-11-24,12,11,13
2017-11-25,7.5,6,9
2017-11-26,6,4,8
2017-11-27,7,5,9
2017-11-28,8,7,9
2017-11-29,5.5,4,7
2017-11-30,4,3,5
2017-12-01,2.5,1,4
2017-12-02,3,0,6
2017-12-03,2,0,4
2017-12-04,6,4,8
2017-12-05,6,4,8
2017-12-06,6.5,5,8
2017-12-07,5,1,9
2017-12-08,6,5,7
2017-12-09,3,1,5
2017-12-10,6,2,10
2017-12-11,8,7,9
2017-12-12,4.5,3,6
2017-12-13,7,5,9
2017-12-14,7,6,8
2017-12-15,5,4,6
2017-12-16,5,4,6
2017-12-17,4.5,3,6
2017-12-18,7,6,8
2017-12-19,5,3,7
2017-12-20,6,4,8
2017-12-21,9,8,10
2017-12-22,8.5,7,10
2017-12-23,8.5,8,9
2017-12-24,8.5,8,9
2017-12-25,6.5,5,8
2017-12-26,7,6,8
2017-12-27,6,5,7
2017-12-28,4.5,3,6
2017-12-29,5.5,2,9
2017-12-30,12.5,12,13
2017-12-31,12.5,12,13
2018-01-01,8,7,9
2018-01-02,8,5,11
2018-01-03,12.5,10,15
2018-01-04,13,12,14
2018-01-05,10.5,10,11
2018-01-06,7,6,8
2018-01-07,6.5,6,7
2018-01-08,6,4,8
2018-01-09,6,4,8
2018-01-10,7.5,6,9
2018-01-11,6,5,7
2018-01-12,4.5,3,6
2018-01-13,4.5,3,6
2018-01-14,5,2,8
2018-01-15,7,4,10
2018-01-16,9.5,9,10
2018-01-17,6.5,5,8
2018-01-18,10.5,10,11
2018-01-19,6.5,5,8
2018-01-20,7,4,10
2018-01-21,8,6,10
2018-01-22,11.5,11,12
2018-01-23,9,7,11
2018-01-24,11,11,11
2018-01-25,10,9,11
2018-01-26,7,5,9
2018-01-27,6.5,4,9
2018-01-28,8.5,7,10
2018-01-29,10,9,11
2018-01-30,10,9,11
2018-01-31,9.5,9,10
2018-02-01,5,3,7
2018-02-02,5,3,7
2018-02-03,3.5,2,5
2018-02-04,3.5,3,4
2018-02-05,1,-1,3
2018-02-06,0.5,0,1
2018-02-07,-0.5,-2,1
2018-02-08,-1.5,-6,3
2018-02-09,-1.5,-4,1
2018-02-10,-0.5,-3,2
2018-02-11,5,4,6
2018-02-12,3,0,6
2018-02-13,2.5,0,5
2018-02-14,3,1,5
2018-02-15,9,8,10
2018-02-16,7,4,10
2018-02-17,6.5,4,9
2018-02-18,6.5,2,11
2018-02-19,4.5,2,7
2018-02-20,5.5,4,7
2018-02-21,4,1,7
2018-02-22,2.5,0,5
2018-02-23,1.5,-1,4
2018-02-24,3,0,6
2018-02-25,0.5,-2,3
2018-02-26,-2,-4,0
2018-02-27,-3.5,-5,-2
2018-02-28,-3.5,-6,-1
2018-03-01,0,-3,3
2018-03-02,5,2,8
2018-03-03,6,1,11
2018-03-04,6,4,8
2018-03-05,7.5,3,12
2018-03-06,8,4,12
2018-03-07,8,6,10
2018-03-08,7.5,5,10
2018-03-09,10,6,14
2018-03-10,13,10,16
2018-03-11,14,11,17
2018-03-12,11,10,12
2018-03-13,10.5,8,13
2018-03-14,10,6,14
2018-03-15,10.5,8,13
2018-03-16,10.5,7,14
2018-03-17,7,6,8
2018-03-18,0.5,-1,2
2018-03-19,0.5,-2,3
2018-03-20,2.5,-2,7
2018-03-21,4,0,8
2018-03-22,5,2,8
2018-03-23,4,2,6
2018-03-24,9,4,14
2018-03-25,10.5,6,15
2018-03-26,9.5,5,14
2018-03-27,9,7,11
2018-03-28,9.5,7,12
2018-03-29,7.5,3,12
2018-03-30,7.5,5,10
2018-03-31,8,4,12
2018-04-01,7.5,5,10
2018-04-02,11,6,16
2018-04-03,12,10,14
2018-04-04,11.5,9,14
2018-04-05,9,8,10
2018-04-06,12,5,19
2018-04-07,15.5,11,20
2018-04-08,16,11,21
2018-04-09,13,12,14
2018-04-10,13,10,16
2018-04-11,13.5,8,19
2018-04-12,12,9,15
2018-04-13,13.5,9,18
2018-04-14,13.5,10,17
2018-04-15,13.5,10,17
2018-04-16,13,9,17
2018-04-17,16,10,22
2018-04-18,20,14,26
2018-04-19,22.5,17,28
2018-04-20,24,19,29
2018-04-21,23,17,29
2018-04-22,22,18,26
2018-04-23,16,13,19
2018-04-24,16.5,12,21
2018-04-25,13,11,15
2018-04-26,11.5,8,15
2018-04-27,14,10,18
2018-04-28,13,10,16
2018-04-29,10.5,9,12
2018-04-30,8.5,7,10
2018-05-01,10,6,14
2018-05-02,12,8,16
2018-05-03,13,9,17
2018-05-04,14.5,10,19
2018-05-05,18,13,23
2018-05-06,22,16,28
2018-05-07,23,19,27
2018-05-08,24.5,21,28
2018-05-09,17.5,13,22
2018-05-10,14.5,12,17
2018-05-11,17,11,23
2018-05-12,19,16,22
2018-05-13,12,9,15
2018-05-14,12.5,11,14
2018-05-15,15.5,11,20
2018-05-16,16.5,12,21
2018-05-17,14.5,10,19
2018-05-18,13,8,18
2018-05-19,14,9,19
2018-05-20,16.5,11,22
2018-05-21,19,13,25
2018-05-22,20,16,24
2018-05-23,17.5,14,21
2018-05-24,20.5,16,25
2018-05-25,21.5,18,25
2018-05-26,23.5,19,28
2018-05-27,24.5,20,29
2018-05-28,23.5,20,27
2018-05-29,22,19,25
2018-05-30,22,18,26
2018-05-31,21.5,18,25
2018-06-01,19,17,21
2018-06-02,22,18,26
2018-06-03,21.5,18,25
2018-06-04,22,18,26
2018-06-05,20,17,23
2018-06-06,21,16,26
2018-06-07,21.5,18,25
2018-06-08,22.5,19,26
2018-06-09,22.5,18,27
2018-06-10,22.5,19,26
2018-06-11,21.5,19,24
2018-06-12,16.5,15,18
2018-06-13,15.5,12,19
2018-06-14,18,15,21
2018-06-15,19.5,16,23
2018-06-16,18.5,15,22
2018-06-17,17.5,15,20
2018-06-18,19.5,16,23
2018-06-19,20,17,23
2018-06-20,24.5,18,31
2018-06-21,18.5,17,20
2018-06-22,17,14,20
2018-06-23,16.5,12,21
2018-06-24,19,15,23
2018-06-25,19.5,15,24
2018-06-26,22.5,19,26
2018-06-27,23,18,28
2018-06-28,22.5,19,26
2018-06-29,23,19,27
2018-06-30,25,20,30
2018-07-01,26,21,31
2018-07-02,25,20,30
2018-07-03,26,22,30
2018-07-04,24.5,21,28
2018-07-05,22.5,19,26
2018-07-06,23.5,19,28
2018-07-07,25,21,29
2018-07-08,25.5,22,29
2018-07-09,22,18,26
2018-07-10,18.5,17,20
2018-07-11,17.5,15,20
2018-07-12,21,16,26
2018-07-13,21.5,17,26
2018-07-14,23.5,19,28
2018-07-15,25.5,21,30
2018-07-16,25,21,29
2018-07-17,21.5,18,25
2018-07-18,22,18,26
2018-07-19,24.5,20,29
2018-07-20,23,20,26
2018-07-21,21.5,17,26
2018-07-22,23,19,27
2018-07-23,25.5,20,31
2018-07-24,26.5,23,30
2018-07-25,27.5,22,33
2018-07-26,30.5,25,36
2018-07-27,31,27,35
2018-07-28,22.5,20,25
2018-07-29,23,19,27
2018-07-30,23.5,20,27
2018-07-31,24,20,28
2018-08-01,24,19,29
2018-08-02,26.5,20,33
2018-08-03,29.5,24,35
2018-08-04,28,23,33
2018-08-05,24.5,18,31
2018-08-06,31.5,26,37
2018-08-07,30.5,24,37
2018-08-08,22,19,25
2018-08-09,19,16,22
2018-08-10,19,15,23
2018-08-11,20.5,16,25
2018-08-12,24,18,30
2018-08-13,21,18,24
2018-08-14,21,17,25
2018-08-15,23,17,29
2018-08-16,25.5,20,31
2018-08-17,21,17,25
2018-08-18,21,16,26
2018-08-19,24,19,29
2018-08-20,22,20,24
2018-08-21,22.5,19,26
2018-08-22,25.5,20,31
2018-08-23,23,19,27
2018-08-24,17.5,15,20
2018-08-25,16,13,19
2018-08-26,17,12,22
2018-08-27,20.5,18,23
2018-08-28,23,17,29
2018-08-29,19.5,18,21
2018-08-30,18.5,15,22
2018-08-31,18.5,15,22
2018-09-01,20.5,16,25
2018-09-02,21.5,16,27
2018-09-03,20,16,24
2018-09-04,20,17,23
2018-09-05,21.5,17,26
2018-09-06,19.5,17,22
2018-09-07,17.5,14,21
2018-09-08,18.5,13,24
2018-09-09,22,15,29
2018-09-10,20.5,16,25
2018-09-11,24.5,19,30
2018-09-12,25,21,29
2018-09-13,17.5,15,20
2018-09-14,18.5,14,23
2018-09-15,19,13,25
2018-09-16,21.5,16,27
2018-09-17,24.5,18,31
2018-09-18,22.5,19,26
2018-09-19,21,17,25
2018-09-20,21,16,26
2018-09-21,18.5,17,20
2018-09-22,14.5,11,18
2018-09-23,18,15,21
2018-09-24,14,10,18
2018-09-25,13.5,10,17
2018-09-26,19,12,26
2018-09-27,22,15,29
2018-09-28,17,13,21
2018-09-29,13.5,9,18
2018-09-30,12.5,7,18
2018-10-01,12.5,10,15
2018-10-02,12.5,10,15
2018-10-03,16.5,14,19
2018-10-04,18,12,24
2018-10-05,20.5,14,27
2018-10-06,19,15,23
2018-10-07,15,14,16
2018-10-08,16,10,22
2018-10-09,18.5,12,25
2018-10-10,19.5,14,25
2018-10-11,20,16,24
2018-10-12,20.5,16,25
2018-10-13,22,18,26
2018-10-14,21.5,18,25
2018-10-15,22,18,26
2018-10-16,21,17,25
2018-10-17,18.5,15,22
2018-10-18,16.5,13,20
2018-10-19,16,11,21
2018-10-20,13.5,9,18
2018-10-21,15.5,10,21
2018-10-22,13,11,15
2018-10-23,12.5,8,17
2018-10-24,14.5,11,18
2018-10-25,15,10,20
2018-10-26,10.5,8,13
2018-10-27,8,6,10
2018-10-28,6,4,8
2018-10-29,5,3,7
2018-10-30,8,6,10
2018-10-31,8,5,11
2018-11-01,11,10,12
2018-11-02,10,7,13
2018-11-03,8.5,5,12
2018-11-04,10,6,14
2018-11-05,13.5,9,18
2018-11-06,16.5,14,19
2018-11-07,11.5,10,13
2018-11-08,10.5,8,13
2018-11-09,11.5,8,15
2018-11-10,12.5,12,13
2018-11-11,12.5,12,13
2018-11-12,11.5,11,12
2018-11-13,12.5,10,15
2018-11-14,11.5,8,15
2018-11-15,12.5,9,16
2018-11-16,11,7,15
2018-11-17,6,3,9
2018-11-18,6.5,4,9
2018-11-19,3.5,1,6
2018-11-20,3,2,4
2018-11-21,3.5,1,6
2018-11-22,4,1,7
2018-11-23,7,4,10
2018-11-24,7.5,7,8
2018-11-25,7,6,8
2018-11-26,6,5,7
2018-11-27,6,4,8
2018-11-28,11,10,12
2018-11-29,11.5,10,13
2018-11-30,11,10,12
2018-12-01,8.5,6,11
2018-12-02,15,14,16
2018-12-03,13.5,13,14
2018-12-04,11,10,12
2018-12-05,10,8,12
2018-12-06,12,11,13
2018-12-07,11.5,11,12
2018-12-08,10.5,8,13
2018-12-09,10.5,10,11
2018-12-10,8.5,7,10
2018-12-11,7.5,6,9
2018-12-12,4.5,2,7
2018-12-13,2.5,1,4
2018-12-14,3,1,5
2018-12-15,0.5,-1,2
2018-12-16,4,2,6
2018-12-17,6,4,8
2018-12-18,6.5,5,8
2018-12-19,9,8,10
2018-12-20,8,7,9
2018-12-21,13,12,14
2018-12-22,11,10,12
2018-12-23,11,9,13
2018-12-24,10.5,8,13
2018-12-25,7.5,5,10
2018-12-26,3.5,2,5
2018-12-27,3,2,4
2018-12-28,2.5,0,5
2018-12-29,3.5,1,6
2018-12-30,6.5,5,8
2018-12-31,8.5,8,9
2019-01-01,7.5,7,8
2019-01-02,6,4,8
2019-01-03,4,2,6
2019-01-04,3,1,5
2019-01-05,4,2,6
2019-01-06,5,4,6
2019-01-07,6,5,7
2019-01-08,8,7,9
2019-01-09,5,4,6
2019-01-10,3,1,5
2019-01-11,5,3,7
2019-01-12,7,5,9
2019-01-13,10,9,11
2019-01-14,8.5,7,10
2019-01-15,8,7,9
2019-01-16,5,3,7
2019-01-17,6,5,7
2019-01-18,3,1,5
2019-01-19,1.5,0,3
2019-01-20,2.5,1,4
2019-01-21,2,0,4
2019-01-22,0,-2,2
2019-01-23,0,-1,1
2019-01-24,-1.5,-4,1
2019-01-25,2.5,1,4
2019-01-26,6.5,5,8
2019-01-27,7,6,8
2019-01-28,4,2,6
2019-01-29,3,1,5
2019-01-30,1.5,1,2
2019-01-31,0,-1,1
2019-02-01,4.5,3,6
2019-02-02,4,3,5
2019-02-03,4.5,1,8
2019-02-04,2.5,1,4
2019-02-05,4.5,1,8
2019-02-06,6.5,4,9
2019-02-07,9,8,10
2019-02-08,8,7,9
2019-02-09,9,7,11
2019-02-10,9.5,8,11
2019-02-11,6.5,4,9
2019-02-12,6,3,9
2019-02-13,6,3,9
2019-02-14,8,4,12
2019-02-15,11.5,6,17
2019-02-16,13,8,18
2019-02-17,11.5,6,17
2019-02-18,11.5,9,14
2019-02-19,9.5,7,12
2019-02-20,9,5,13
2019-02-21,13.5,8,19
2019-02-22,13.5,9,18
2019-02-23,13,9,17
2019-02-24,11,7,15
2019-02-25,13,8,18
2019-02-26,15,10,20
2019-02-27,17.5,12,23
2019-02-28,12.5,10,15
2019-03-01,11,10,12
2019-03-02,10.5,8,13
2019-03-03,12.5,11,14
2019-03-04,10.5,9,12
2019-03-05,8.5,6,11
2019-03-06,11,10,12
2019-03-07,10,8,12
2019-03-08,8.5,5,12
2019-03-09,11.5,10,13
2019-03-10,12,11,13
2019-03-11,8,6,10
2019-03-12,9,5,13
2019-03-13,8,5,11
2019-03-14,9.5,7,12
2019-03-15,12.5,12,13
2019-03-16,12,10,14
2019-03-17,9.5,9,10
2019-03-18,7.5,4,11
2019-03-19,9.5,5,14
2019-03-20,10.5,7,14
2019-03-21,12.5,8,17
2019-03-22,16,11,21
2019-03-23,12.5,10,15
2019-03-24,10.5,7,14
2019-03-25,8.5,6,11
2019-03-26,9,5,13
2019-03-27,8.5,5,12
2019-03-28,9.5,6,13
2019-03-29,13,8,18
2019-03-30,14.5,9,20
2019-03-31,16,12,20
2019-04-01,14.5,9,20
2019-04-02,14.5,12,17
2019-04-03,8,5,11
2019-04-04,8,4,12
2019-04-05,8.5,4,13
2019-04-06,11,5,17
2019-04-07,12,9,15
2019-04-08,13,9,17
2019-04-09,12.5,10,15
2019-04-10,11.5,9,14
2019-04-11,9,5,13
2019-04-12,8,5,11
2019-04-13,6.5,3,10
2019-04-14,6,2,10
2019-04-15,9.5,4,15
2019-04-16,11.5,10,13
2019-04-17,13,8,18
2019-04-18,16.5,11,22
2019-04-19,18.5,13,24
2019-04-20,19,14,24
2019-04-21,20.5,17,24
2019-04-22,20,15,25
2019-04-23,18,14,22
2019-04-24,15.5,14,17
2019-04-25,13,11,15
2019-04-26,13,9,17
2019-04-27,11.5,10,13
2019-04-28,9.5,7,12
2019-04-29,12.5,8,17
2019-04-30,13,9,17
2019-05-01,15,9,21
2019-05-02,13,11,15
2019-05-03,13,9,17
2019-05-04,8,6,10
2019-05-05,8,5,11
2019-05-06,11,7,15
2019-05-07,11.5,8,15
2019-05-08,13,10,16
2019-05-09,13.5,11,16
2019-05-10,13.5,10,17
2019-05-11,12.5,9,16
2019-05-12,11,7,15
2019-05-13,12,8,16
2019-05-14,13,9,17
2019-05-15,14,11,17
2019-05-16,13,10,16
2019-05-17,15.5,11,20
2019-05-18,15.5,12,19
2019-05-19,16.5,13,20
2019-05-20,14.5,11,18
2019-05-21,16,12,20
2019-05-22,18,14,22
2019-05-23,19,15,23
2019-05-24,18,14,22
2019-05-25,17.5,14,21
2019-05-26,17.5,14,21
2019-05-27,16.5,14,19
2019-05-28,14,11,17
2019-05-29,15.5,12,19
2019-05-30,17,14,20
2019-05-31,19.5,16,23
2019-06-01,24.5,19,30
2019-06-02,25.5,21,30
2019-06-03,19.5,18,21
2019-06-04,21.5,17,26
2019-06-05,15,13,17
2019-06-06,15.5,11,20
2019-06-07,15.5,14,17
2019-06-08,15,12,18
2019-06-09,18,14,22
2019-06-10,16.5,14,19
2019-06-11,15,12,18
2019-06-12,15,12,18
2019-06-13,16,12,20
2019-06-14,19,15,23
2019-06-15,18,15,21
2019-06-16,18,14,22
2019-06-17,22,18,26
2019-06-18,23,19,27
2019-06-19,22,20,24
2019-06-20,18,15,21
2019-06-21,18,14,22
2019-06-22,19,14,24
2019-06-23,22.5,18,27
2019-06-24,26,22,30
2019-06-25,27.5,23,32
2019-06-26,27,22,32
2019-06-27,25.5,21,30
2019-06-28,24.5,19,30
2019-06-29,28,22,34
2019-06-30,24,20,28
2019-07-01,21,17,25
2019-07-02,20,15,25
2019-07-03,19.5,15,24
2019-07-04,21.5,15,28
2019-07-05,25,19,31
2019-07-06,25.5,21,30
2019-07-07,21,17,25
2019-07-08,18,14,22
2019-07-09,18,13,23
2019-07-10,22,17,27
2019-07-11,23.5,20,27
2019-07-12,21,17,25
2019-07-13,21,18,24
2019-07-14,17.5,14,21
2019-07-15,18.5,13,24
2019-07-16,21,16,26
2019-07-17,23.5,18,29
2019-07-18,21,17,25
2019-07-19,22,17,27
2019-07-20,23,20,26
2019-07-21,23.5,17,30
2019-07-22,29,23,35
2019-07-23,30.5,24,37
2019-07-24,33,27,39
2019-07-25,34.5,28,41
2019-07-26,26.5,22,31
2019-07-27,20,17,23
2019-07-28,19.5,16,23
2019-07-29,23.5,18,29
2019-07-30,21.5,18,25
2019-07-31,20,16,24
2019-08-01,22.5,18,27
2019-08-02,23,18,28
2019-08-03,20.5,16,25
2019-08-04,25.5,20,31
2019-08-05,23,19,27
2019-08-06,21,19,23
2019-08-07,21.5,18,25
2019-08-08,24,19,29
2019-08-09,25,23,27
2019-08-10,21.5,19,24
2019-08-11,18.5,16,21
2019-08-12,19.5,16,23
2019-08-13,17.5,14,21
2019-08-14,19.5,15,24
2019-08-15,19.5,17,22
2019-08-16,20,16,24
2019-08-17,18.5,17,20
2019-08-18,21.5,20,23
2019-08-19,19.5,16,23
2019-08-20,19,16,22
2019-08-21,20,15,25
2019-08-22,22.5,17,28
2019-08-23,23,17,29
2019-08-24,25,18,32
2019-08-25,29.5,23,36
2019-08-26,29,24,34
2019-08-27,28,22,34
2019-08-28,25,21,29
2019-08-29,22,18,26
2019-08-30,23,18,28
2019-08-31,24.5,19,30
2019-09-01,19,16,22
2019-09-02,18.5,14,23
2019-09-03,20,15,25
2019-09-04,20,16,24
2019-09-05,16,12,20
2019-09-06,16.5,11,22
2019-09-07,16.5,13,20
2019-09-08,14.5,10,19
2019-09-09,15.5,11,20
2019-09-10,17.5,12,23
2019-09-11,19,14,24
2019-09-12,19.5,16,23
2019-09-13,20,16,24
2019-09-14,21,14,28
2019-09-15,25,19,31
2019-09-16,21,15,27
2019-09-17,19.5,15,24
2019-09-18,14.5,10,19
2019-09-19,15,10,20
2019-09-20,17,11,23
2019-09-21,21,14,28
2019-09-22,19.5,18,21
2019-09-23,17.5,13,22
2019-09-24,18.5,16,21
2019-09-25,17,15,19
2019-09-26,19,17,21
2019-09-27,18,15,21
2019-09-28,16,13,19
2019-09-29,17,14,20
2019-09-30,16,12,20
2019-10-01,20,18,22
2019-10-02,14.5,13,16
2019-10-03,12,8,16
2019-10-04,15.5,15,16
2019-10-05,14.5,13,16
2019-10-06,16,14,18
2019-10-07,14.5,12,17
2019-10-08,14.5,14,15
2019-10-09,13,11,15
2019-10-10,15,11,19
2019-10-11,16,12,20
2019-10-12,16.5,13,20
2019-10-13,20.5,16,25
2019-10-14,19.5,15,24
2019-10-15,15.5,14,17
2019-10-16,13.5,13,14
2019-10-17,15,13,17
2019-10-18,15,14,16
2019-10-19,14.5,13,16
2019-10-20,12,11,13
2019-10-21,13,11,15
2019-10-22,12.5,9,16
2019-10-23,14,12,16
2019-10-24,16,14,18
2019-10-25,14.5,12,17
2019-10-26,17,14,20
2019-10-27,11.5,8,15
2019-10-28,9,7,11
2019-10-29,9,8,10
2019-10-30,8.5,8,9
2019-10-31,9.5,9,10
2019-11-01,13.5,11,16
2019-11-02,14.5,13,16
2019-11-03,13,12,14
2019-11-04,12.5,11,14
2019-11-05,11,9,13
2019-11-06,10.5,8,13
2019-11-07,10,9,11
2019-11-08,7.5,5,10
2019-11-09,8,6,10
2019-11-10,7,6,8
2019-11-11,7,5,9
2019-11-12,7.5,7,8
2019-11-13,7.5,6,9
2019-11-14,6.5,5,8
2019-11-15,4.5,4,5
2019-11-16,6.5,6,7
2019-11-17,6,5,7
2019-11-18,5.5,4,7
2019-11-19,6.5,5,8
2019-11-20,5,3,7
2019-11-21,6.5,4,9
2019-11-22,9,7,11
2019-11-23,11,10,12
2019-11-24,10,8,12
2019-11-25,8.5,7,10
2019-11-26,11.5,10,13
2019-11-27,11,10,12
2019-11-28,11,10,12
2019-11-29,8.5,8,9
2019-11-30,6.5,5,8
2019-12-01,3.5,3,4
2019-12-02,4,1,7
2019-12-03,6,2,10
2019-12-04,4.5,2,7
2019-12-05,6,5,7
2019-12-06,4.5,3,6
2019-12-07,8,7,9
2019-12-08,11,10,12
2019-12-09,9,8,10
2019-12-10,6,4,8
2019-12-11,7,6,8
2019-12-12,5,3,7
2019-12-13,8,7,9
2019-12-14,9,8,10
2019-12-15,10.5,9,12
2019-12-16,10,9,11
2019-12-17,12.5,11,14
2019-12-18,9,7,11
2019-12-19,11.5,10,13
2019-12-20,12.5,11,14
2019-12-21,9,8,10
2019-12-22,9.5,9,10
2019-12-23,9.5,9,10
2019-12-24,11.5,11,12
2019-12-25,9,8,10
2019-12-26,7.5,5,10
2019-12-27,9.5,8,11
2019-12-28,6.5,5,8
2019-12-29,4.5,3,6
2019-12-30,7,4,10
2019-12-31,5.5,4,7
2020-01-01,4.5,3,6
2020-01-02,7.5,6,9
2020-01-03,10,9,11
2020-01-04,7,6,8
2020-01-05,8,7,9
2020-01-06,6,4,8
2020-01-07,8,6,10
2020-01-08,11.5,11,12
2020-01-09,12,11,13
2020-01-10,8.5,8,9
2020-01-11,6.5,5,8
2020-01-12,6.5,5,8
2020-01-13,8,7,9
2020-01-14,7.5,5,10
2020-01-15,10,9,11
2020-01-16,8.5,6,11
2020-01-17,10.5,10,11
2020-01-18,6,5,7
2020-01-19,5,3,7
2020-01-20,4.5,3,6
2020-01-21,5,3,7
2020-01-22,4,1,7
2020-01-23,6,3,9
2020-01-24,5,2,8
2020-01-25,6,4,8
2020-01-26,6.5,4,9
2020-01-27,9.5,9,10
2020-01-28,6.5,5,8
2020-01-29,6,4,8
2020-01-30,8.5,6,11
2020-01-31,12,11,13
2020-02-01,13,12,14
2020-02-02,13,12,14
2020-02-03,11.5,10,13
2020-02-04,7.5,6,9
2020-02-05,7.5,6,9
2020-02-06,8.5,5,12
2020-02-07,8,5,11
2020-02-08,7.5,7,8
2020-02-09,8.5,6,11
2020-02-10,10.5,8,13
2020-02-11,6.5,5,8
2020-02-12,6,4,8
2020-02-13,8,6,10
2020-02-14,9,7,11
2020-02-15,10,7,13
2020-02-16,14.5,13,16
2020-02-17,9.5,8,11
2020-02-18,8,6,10
2020-02-19,7.5,6,9
2020-02-20,9,8,10
2020-02-21,7,5,9
2020-02-22,9,6,12
2020-02-23,12.5,11,14
2020-02-24,12.5,12,13
2020-02-25,10,9,11
2020-02-26,5,3,7
2020-02-27,7.5,4,11
2020-02-28,8,7,9
2020-02-29,9.5,8,11
2020-03-01,6.5,5,8
2020-03-02,7.5,6,9
2020-03-03,6,4,8
2020-03-04,6.5,4,9
2020-03-05,9.5,8,11
2020-03-06,7,5,9
2020-03-07,7.5,5,10
2020-03-08,9,7,11
2020-03-09,8,6,10
2020-03-10,11.5,10,13
2020-03-11,15,13,17
2020-03-12,11.5,11,12
2020-03-13,8.5,6,11
2020-03-14,9,7,11
2020-03-15,10.5,7,14
2020-03-16,13,10,16
2020-03-17,11.5,9,14
2020-03-18,14,10,18
2020-03-19,15,11,19
2020-03-20,12.5,10,15
2020-03-21,8.5,7,10
2020-03-22,7,4,10
2020-03-23,6.5,2,11
2020-03-24,7.5,3,12
2020-03-25,7.5,4,11
2020-03-26,6.5,3,10
2020-03-27,8,4,12
2020-03-28,12,9,15
2020-03-29,6,4,8
2020-03-30,4,0,8
2020-03-31,6.5,3,10
2020-04-01,9.5,5,14
2020-04-02,7,4,10
2020-04-03,10.5,7,14
2020-04-04,11.5,7,16
2020-04-05,15,10,20
2020-04-06,14,11,17
2020-04-07,14,9,19
2020-04-08,17.5,12,23
2020-04-09,19.5,15,24
2020-04-10,19,15,23
2020-04-11,18.5,14,23
2020-04-12,19.5,16,23
2020-04-13,15.5,14,17
2020-04-14,8.5,4,13
2020-04-15,12.5,8,17
2020-04-16,17,12,22
2020-04-17,18.5,14,23
2020-04-18,18.5,15,22
2020-04-19,17.5,13,22
2020-04-20,15,11,19
2020-04-21,14.5,11,18
2020-04-22,15.5,11,20
2020-04-23,20,15,25
2020-04-24,22,18,26
2020-04-25,17.5,13,22
2020-04-26,18,11,25
2020-04-27,18,14,22
2020-04-28,16.5,14,19
2020-04-29,14,12,16
2020-04-30,11.5,9,14
2020-05-01,13.5,10,17
2020-05-02,12.5,9,16
2020-05-03,15,11,19
2020-05-04,18.5,14,23
2020-05-05,14,13,15
2020-05-06,16,11,21
2020-05-07,16.5,12,21
2020-05-08,18,13,23
2020-05-09,18.5,16,21
2020-05-10,19,17,21
2020-05-11,10,6,14
2020-05-12,10,6,14
2020-05-13,11.5,7,16
2020-05-14,10,6,14
2020-05-15,11.5,7,16
2020-05-16,14.5,9,20
2020-05-17,16,10,22
2020-05-18,18,13,23
2020-05-19,18.5,13,24
2020-05-20,20.5,15,26
2020-05-21,23.5,19,28
2020-05-22,22.5,20,25
2020-05-23,17.5,15,20
2020-05-24,17,13,21
2020-05-25,17.5,13,22
2020-05-26,19.5,16,23
2020-05-27,19.5,16,23
2020-05-28,18.5,14,23
2020-05-29,17.5,13,22
2020-05-30,18.5,15,22
2020-05-31,17.5,14,21
2020-06-01,19.5,15,24
2020-06-02,23,19,27
2020-06-03,20.5,18,23
2020-06-04,14.5,13,16
2020-06-05,14,11,17
2020-06-06,14,12,16
2020-06-07,15.5,11,20
2020-06-08,16.5,12,21
2020-06-09,14,11,17
2020-06-10,16.5,12,21
2020-06-11,18.5,14,23
2020-06-12,17.5,15,20
2020-06-13,18.5,14,23
2020-06-14,19,15,23
2020-06-15,19,16,22
2020-06-16,19,15,23
2020-06-17,19,16,22
2020-06-18,18,14,22
2020-06-19,18,15,21
2020-06-20,19.5,15,24
2020-06-21,19,17,21
2020-06-22,21.5,16,27
2020-06-23,23,19,27
2020-06-24,24.5,20,29
2020-06-25,26,21,31
2020-06-26,23.5,23,24
2020-06-27,21.5,19,24
2020-06-28,18.5,16,21
2020-06-29,17.5,16,19
2020-06-30,18.5,15,22
2020-07-01,21,19,23
2020-07-02,19,16,22
2020-07-03,19,15,23
2020-07-04,19,16,22
2020-07-05,21,19,23
2020-07-06,17,14,20
2020-07-07,21.5,17,26
2020-07-08,20.5,17,24
2020-07-09,24,19,29
2020-07-10,20,18,22
2020-07-11,19.5,16,23
2020-07-12,19,14,24
2020-07-13,21,16,26
2020-07-14,19.5,17,22
2020-07-15,19,17,21
2020-07-16,18.5,16,21
2020-07-17,20.5,18,23
2020-07-18,23.5,18,29
2020-07-19,24.5,19,30
2020-07-20,20,17,23
2020-07-21,20,15,25
2020-07-22,20,15,25
2020-07-23,21.5,17,26
2020-07-24,21,18,24
2020-07-25,23,20,26
2020-07-26,21,18,24
2020-07-27,24.5,19,30
2020-07-28,21.5,18,25
2020-07-29,23,18,28
2020-07-30,24,18,30
2020-07-31,30,23,37
2020-08-01,25,22,28
2020-08-02,20,17,23
2020-08-03,19.5,17,22
2020-08-04,20.5,16,25
2020-08-05,25.5,20,31
2020-08-06,28,22,34
2020-08-07,30.5,25,36
2020-08-08,31.5,26,37
2020-08-09,32,26,38
2020-08-10,31.5,25,38
2020-08-11,32.5,27,38
2020-08-12,31.5,27,36
2020-08-13,24.5,22,27
2020-08-14,22.5,21,24
2020-08-15,24.5,20,29
2020-08-16,25.5,21,30
2020-08-17,21.5,18,25
2020-08-18,22.5,19,26
2020-08-19,22,21,23
2020-08-20,26,22,30
2020-08-21,25.5,24,27
2020-08-22,21.5,18,25
2020-08-23,20,17,23
2020-08-24,19,16,22
2020-08-25,22.5,18,27
2020-08-26,21,17,25
2020-08-27,21,17,25
2020-08-28,20,17,23
2020-08-29,17.5,15,20
2020-08-30,17.5,15,20
2020-08-31,17.5,15,20
2020-09-01,16.5,14,19
2020-09-02,20,15,25
2020-09-03,21,16,26
2020-09-04,24.5,20,29
2020-09-05,19.5,17,22
2020-09-06,16.5,14,19
2020-09-07,19,14,24
2020-09-08,21,16,26
2020-09-09,22.5,18,27
2020-09-10,21.5,18,25
2020-09-11,23,18,28
2020-09-12,21,17,25
2020-09-13,26,20,32
2020-09-14,29,22,36
2020-09-15,28,22,34
2020-09-16,26.5,22,31
2020-09-17,23,18,28
2020-09-18,22,17,27
2020-09-19,24,21,27
2020-09-20,23,19,27
2020-09-21,24,20,28
2020-09-22,22.5,18,27
2020-09-23,19,17,21
2020-09-24,15,13,17
2020-09-25,12,11,13
2020-09-26,11.5,10,13
2020-09-27,12.5,11,14
2020-09-28,14,13,15
2020-09-29,15.5,13,18
2020-09-30,17,15,19
2020-10-01,15.5,14,17
2020-10-02,13.5,11,16
2020-10-03,12.5,11,14
2020-10-04,13,11,15
2020-10-05,12,11,13
2020-10-06,14.5,13,16
2020-10-07,14,12,16
2020-10-08,16.5,15,18
2020-10-09,16.5,15,18
2020-10-10,13,11,15
2020-10-11,12.5,10,15
2020-10-12,12,9,15
2020-10-13,11,10,12
2020-10-14,11.5,9,14
2020-10-15,9.5,8,11
2020-10-16,10.5,8,13
2020-10-17,10,8,12
2020-10-18,12.5,10,15
2020-10-19,11.5,9,14
2020-10-20,15,13,17
2020-10-21,18,17,19
2020-10-22,18.5,16,21
2020-10-23,16.5,14,19
2020-10-24,14,11,17
2020-10-25,13.5,12,15
2020-10-26,11.5,9,14
2020-10-27,10,9,11
2020-10-28,13,12,14
2020-10-29,13.5,12,15
2020-10-30,15,14,16
2020-10-31,14.5,12,17
2020-11-01,15.5,14,17
2020-11-02,19,18,20
2020-11-03,11,10,12
2020-11-04,9.5,8,11
2020-11-05,9.5,7,12
2020-11-06,10,7,13
2020-11-07,13,10,16
2020-11-08,15.5,14,17
2020-11-09,14.5,12,17
2020-11-10,15.5,14,17
2020-11-11,12.5,11,14
2020-11-12,14,13,15
2020-11-13,13.5,12,15
2020-11-14,14.5,12,17
2020-11-15,14,13,15
2020-11-16,12,11,13
2020-11-17,12,10,14
2020-11-18,13,11,15
2020-11-19,10.5,9,12
2020-11-20,8.5,7,10
2020-11-21,8,6,10
2020-11-22,8.5,7,10
2020-11-23,9,7,11
2020-11-24,8.5,7,10
2020-11-25,9,7,11
2020-11-26,10,8,12
2020-11-27,9.5,7,12
2020-11-28,10.5,8,13
2020-11-29,9,7,11
2020-11-30,6.5,4,9
2020-12-01,8.5,8,9
2020-12-02,7.5,7,8
2020-12-03,6.5,6,7
2020-12-04,6.5,6,7
2020-12-05,4.5,3,6
2020-12-06,5,4,6
2020-12-07,5,4,6
2020-12-08,3,2,4
2020-12-09,4.5,3,6
2020-12-10,5,4,6
2020-12-11,8.5,7,10
2020-12-12,8,7,9
2020-12-13,6,5,7
2020-12-14,9.5,9,10
2020-12-15,10.5,10,11
2020-12-16,8.5,7,10
2020-12-17,10,9,11
2020-12-18,9,7,11
2020-12-19,10.5,10,11
2020-12-20,9,8,10
2020-12-21,9,8,10
2020-12-22,13.5,13,14
2020-12-23,12.5,12,13
2020-12-24,8,7,9
2020-12-25,5.5,5,6
2020-12-26,4,3,5
2020-12-27,7.5,7,8
2020-12-28,4.5,4,5
2020-12-29,4,3,5
2020-12-30,4,2,6
2020-12-31,5.5,5,6
2021-01-01,2.5,2,3
2021-01-02,3.5,2,5
2021-01-03,3,2,4
2021-01-04,2.5,2,3
2021-01-05,2.5,2,3
2021-01-06,2,1,3
2021-01-07,2,1,3
2021-01-08,2,1,3
2021-01-09,2,1,3
2021-01-10,2,0,4
2021-01-11,2.5,1,4
2021-01-12,7.5,6,9
2021-01-13,7,5,9
2021-01-14,8.5,8,9
2021-01-15,3.5,2,5
2021-01-16,0.5,0,1
2021-01-17,5.5,4,7
2021-01-18,4.5,3,6
2021-01-19,6,4,8
2021-01-20,8,6,10
2021-01-21,8.5,7,10
2021-01-22,6,5,7
2021-01-23,4,3,5
2021-01-24,4,3,5
2021-01-25,4,2,6
2021-01-26,3,1,5
2021-01-27,5,3,7
2021-01-28,11.5,10,13
2021-01-29,10.5,10,11
2021-01-30,10.5,9,12
2021-01-31,7,5,9
2021-02-01,9.5,9,10
2021-02-02,11.5,9,14
2021-02-03,11,10,12
2021-02-04,8.5,7,10
2021-02-05,9.5,8,11
2021-02-06,9,8,10
2021-02-07,6.5,5,8
2021-02-08,1,0,2
2021-02-09,-1.5,-3,0
2021-02-10,-2.5,-4,-1
2021-02-11,-2,-4,0
2021-02-12,-1,-2,0
2021-02-13,-1.5,-4,1
2021-02-14,-1,-3,1
2021-02-15,4,2,6
2021-02-16,6.5,4,9
2021-02-17,8.5,7,10
2021-02-18,9.5,7,12
2021-02-19,8.5,5,12
2021-02-20,12.5,9,16
2021-02-21,12,9,15
2021-02-22,11.5,10,13
2021-02-23,12.5,10,15
2021-02-24,15,11,19
2021-02-25,13.5,11,16
2021-02-26,10,9,11
2021-02-27,8,5,11
2021-02-28,9.5,6,13
2021-03-01,10,6,14
2021-03-02,11.5,6,17
2021-03-03,12.5,9,16
2021-03-04,11,10,12
2021-03-05,5,3,7
2021-03-06,5.5,2,9
2021-03-07,7.5,4,11
2021-03-08,6.5,3,10
2021-03-09,7.5,3,12
2021-03-10,7.5,5,10
2021-03-11,11.5,11,12
2021-03-12,8,5,11
2021-03-13,9.5,9,10
2021-03-14,7.5,5,10
2021-03-15,9.5,8,11
2021-03-16,8,6,10
2021-03-17,7.5,6,9
2021-03-18,6,4,8
2021-03-19,6,4,8
2021-03-20,6.5,3,10
2021-03-21,8,5,11
2021-03-22,7,4,10
2021-03-23,9.5,5,14
2021-03-24,11.5,7,16
2021-03-25,12,9,15
2021-03-26,9.5,8,11
2021-03-27,9.5,6,13
2021-03-28,13.5,9,18
2021-03-29,16,11,21
2021-03-30,18.5,13,24
2021-03-31,18.5,13,24
2021-04-01,20,16,24
2021-04-02,11,8,14
2021-04-03,8.5,4,13
2021-04-04,11,5,17
2021-04-05,8.5,6,11
2021-04-06,3.5,1,6
2021-04-07,5,2,8
2021-04-08,8.5,4,13
2021-04-09,10.5,6,15
2021-04-10,10,9,11
2021-04-11,7,4,10
2021-04-12,6,3,9
2021-04-13,7.5,4,11
2021-04-14,8,4,12
2021-04-15,7.5,4,11
2021-04-16,6,3,9
2021-04-17,8.5,4,13
2021-04-18,8.5,5,12
2021-04-19,11.5,8,15
2021-04-20,13,10,16
2021-04-21,12.5,9,16
2021-04-22,10,6,14
2021-04-23,12.5,8,17
2021-04-24,14,9,19
2021-04-25,12,7,17
2021-04-26,11.5,6,17
2021-04-27,13,8,18
2021-04-28,13,8,18
2021-04-29,9.5,7,12
2021-04-30,10.5,8,13
2021-05-01,11,7,15
2021-05-02,10,6,14
2021-05-03,11.5,8,15
2021-05-04,10.5,8,13
2021-05-05,9.5,7,12
2021-05-06,8,7,9
2021-05-07,10.5,7,14
2021-05-08,13.5,7,20
2021-05-09,19,15,23
2021-05-10,15,12,18
2021-05-11,13,11,15
2021-05-12,13,9,17
2021-05-13,12,9,15
2021-05-14,10,8,12
2021-05-15,12,9,15
2021-05-16,13,10,16
2021-05-17,12,10,14
2021-05-18,12,9,15
2021-05-19,10.5,9,12
2021-05-20,13.5,9,18
2021-05-21,13.5,10,17
2021-05-22,11.5,10,13
2021-05-23,11.5,8,15
2021-05-24,12,9,15
2021-05-25,10.5,8,13
2021-05-26,12,10,14
2021-05-27,17.5,14,21
2021-05-28,15.5,12,19
2021-05-29,17,13,21
2021-05-30,17,13,21
2021-05-31,18,15,21
2021-06-01,20,15,25
2021-06-02,18,16,20
2021-06-03,22,18,26
2021-06-04,21,17,25
2021-06-05,16.5,14,19
2021-06-06,18,13,23
2021-06-07,19,15,23
2021-06-08,20,16,24
2021-06-09,21,17,25
2021-06-10,22,18,26
2021-06-11,22,17,27
2021-06-12,21.5,18,25
2021-06-13,20.5,16,25
2021-06-14,24,19,29
2021-06-15,25,21,29
2021-06-16,25.5,21,30
2021-06-17,24.5,20,29
2021-06-18,20,19,21
2021-06-19,21.5,17,26
2021-06-20,20.5,17,24
2021-06-21,20,17,23
2021-06-22,15.5,14,17
2021-06-23,17,14,20
2021-06-24,16.5,14,19
2021-06-25,18,13,23
2021-06-26,19.5,14,25
2021-06-27,18,17,19
2021-06-28,17,15,19
2021-06-29,16.5,14,19
2021-06-30,15,14,16
2021-07-01,18.5,15,22
2021-07-02,21,18,24
2021-07-03,20,18,22
2021-07-04,17.5,17,18
2021-07-05,17.5,14,21
2021-07-06,20.5,18,23
2021-07-07,18,15,21
2021-07-08,18.5,15,22
2021-07-09,20,16,24
2021-07-10,19.5,17,22
2021-07-11,20,15,25
2021-07-12,18.5,17,20
2021-07-13,18,15,21
2021-07-14,17.5,15,20
2021-07-15,19.5,17,22
2021-07-16,18.5,16,21
2021-07-17,18,15,21
2021-07-18,22,17,27
2021-07-19,21,17,25
2021-07-20,21,17,25
2021-07-21,24,20,28
2021-07-22,24,19,29
2021-07-23,24,20,28
2021-07-24,23,20,26
2021-07-25,19.5,17,22
2021-07-26,20,16,24
2021-07-27,21,18,24
2021-07-28,19,16,22
2021-07-29,20,16,24
2021-07-30,17.5,16,19
2021-07-31,19,15,23
2021-08-01,18.5,15,22
2021-08-02,19,16,22
2021-08-03,18,15,21
2021-08-04,19.5,17,22
2021-08-05,19,15,23
2021-08-06,19,16,22
2021-08-07,18,16,20
2021-08-08,18.5,14,23
2021-08-09,18,15,21
2021-08-10,20.5,17,24
2021-08-11,24,19,29
2021-08-12,27,22,32
2021-08-13,26,21,31
2021-08-14,26,19,33
2021-08-15,27,21,33
2021-08-16,21,17,25
2021-08-17,17,15,19
2021-08-18,19.5,17,22
2021-08-19,20,18,22
2021-08-20,22.5,17,28
2021-08-21,24.5,19,30
2021-08-22,20.5,18,23
2021-08-23,19,16,22
2021-08-24,19,14,24
2021-08-25,20.5,16,25
2021-08-26,18,13,23
2021-08-27,17,14,20
2021-08-28,16.5,13,20
2021-08-29,16.5,13,20
2021-08-30,18,14,22
2021-08-31,19,13,25
2021-09-01,18.5,11,26
2021-09-02,21.5,14,29
2021-09-03,22,15,29
2021-09-04,23,18,28
2021-09-05,24.5,18,31
2021-09-06,24.5,19,30
2021-09-07,25,19,31
2021-09-08,26,19,33
2021-09-09,23.5,19,28
2021-09-10,20.5,18,23
2021-09-11,21,17,25
2021-09-12,22,15,29
2021-09-13,22.5,15,30
2021-09-14,21,18,24
2021-09-15,21,17,25
2021-09-16,18.5,13,24
2021-09-17,19,15,23
2021-09-18,19,17,21
2021-09-19,19,16,22
2021-09-20,16.5,14,19
2021-09-21,17.5,13,22
2021-09-22,17,11,23
2021-09-23,19.5,13,26
2021-09-24,19.5,15,24
2021-09-25,20.5,15,26
2021-09-26,21.5,18,25
2021-09-27,18,15,21
2021-09-28,15.5,12,19
2021-09-29,15,12,18
2021-09-30,13,9,17
2021-10-01,14.5,11,18
2021-10-02,14.5,12,17
2021-10-03,14.5,12,17
2021-10-04,15.5,12,19
2021-10-05,14.5,12,17
2021-10-06,14.5,10,19
2021-10-07,13.5,9,18
2021-10-08,14.5,10,19
2021-10-09,16,11,21
2021-10-10,14,10,18
2021-10-11,14,10,18
2021-10-12,12,9,15
2021-10-13,12.5,10,15
2021-10-14,13.5,9,18
2021-10-15,13,10,16
2021-10-16,14.5,10,19
2021-10-17,13,9,17
2021-10-18,15,11,19
2021-10-19,19.5,15,24
2021-10-20,20,18,22
2021-10-21,14,12,16
2021-10-22,9,6,12
2021-10-23,14,11,17
2021-10-24,13,8,18
2021-10-25,13,10,16
2021-10-26,13.5,10,17
2021-10-27,15,11,19
2021-10-28,15,10,20
2021-10-29,14.5,12,17
2021-10-30,12,10,14
2021-10-31,14,10,18
2021-11-01,12.5,10,15
2021-11-02,11,10,12
2021-11-03,10.5,7,14
2021-11-04,9,6,12
2021-11-05,10,8,12
2021-11-06,9.5,6,13
2021-11-07,11.5,10,13
2021-11-08,11,9,13
2021-11-09,10,6,14
2021-11-10,10.5,6,15
2021-11-11,9.5,6,13
2021-11-12,10.5,6,15
2021-11-13,11.5,11,12
2021-11-14,11.5,10,13
2021-11-15,9.5,7,12
2021-11-16,8,6,10
2021-11-17,10.5,9,12
2021-11-18,9,6,12
2021-11-19,10.5,9,12
2021-11-20,13,10,16
2021-11-21,8.5,8,9
2021-11-22,6.5,4,9
2021-11-23,5.5,2,9
2021-11-24,5.5,3,8
2021-11-25,4.5,2,7
2021-11-26,5.5,4,7
2021-11-27,4.5,4,5
2021-11-28,4,2,6
2021-11-29,4,2,6
2021-11-30,5,2,8
2021-12-01,9,8,10
2021-12-02,5,4,6
2021-12-03,3,2,4
2021-12-04,9.5,8,11
2021-12-05,5,4,6
2021-12-06,5.5,5,6
2021-12-07,4.5,3,6
2021-12-08,5.5,4,7
2021-12-09,5,3,7
2021-12-10,7,6,8
2021-12-11,6,4,8
2021-12-12,9,6,12
2021-12-13,9,5,13
2021-12-14,8,5,11
2021-12-15,10,8,12
2021-12-16,8,5,11
2021-12-17,8,5,11
2021-12-18,8,5,11
2021-12-19,6,4,8
2021-12-20,5.5,4,7
2021-12-21,3.5,0,7
2021-12-22,2.5,-1,6
2021-12-23,4.5,1,8
2021-12-24,8,7,9
2021-12-25,9,8,10
2021-12-26,9.5,9,10
2021-12-27,9.5,8,11
2021-12-28,11.5,11,12
2021-12-29,13.5,12,15
2021-12-30,13.5,13,14
2021-12-31,12.5,9,16
2022-01-01,12,9,15
2022-01-02,12.5,11,14
2022-01-03,11,10,12
2022-01-04,11,7,15
2022-01-05,4.5,3,6
2022-01-06,5,3,7
2022-01-07,6.5,5,8
2022-01-08,7,4,10
2022-01-09,5.5,4,7
2022-01-10,6,4,8
2022-01-11,3.5,1,6
2022-01-12,4,3,5
2022-01-13,5,1,9
2022-01-14,6.5,2,11
2022-01-15,5.5,3,8
2022-01-16,4.5,2,7
2022-01-17,8.5,6,11
2022-01-18,6.5,2,11
2022-01-19,4,1,7
2022-01-20,4.5,3,6
2022-01-21,3.5,1,6
2022-01-22,5,1,9
2022-01-23,5,3,7
2022-01-24,5.5,1,10
2022-01-25,6.5,2,11
2022-01-26,5.5,1,10
2022-01-27,5,1,9
2022-01-28,7.5,5,10
2022-01-29,8.5,5,12
2022-01-30,7,4,10
2022-01-31,7.5,6,9
2022-02-01,6,3,9
2022-02-02,10,9,11
2022-02-03,7.5,6,9
2022-02-04,9,8,10
2022-02-05,6.5,4,9
2022-02-06,9,7,11
2022-02-07,7,4,10
2022-02-08,6.5,4,9
2022-02-09,9,4,14
2022-02-10,8,5,11
2022-02-11,6,3,9
2022-02-12,5,2,8
2022-02-13,7,2,12
2022-02-14,9.5,8,11
2022-02-15,7,4,10
2022-02-16,12,10,14
2022-02-17,10.5,8,13
2022-02-18,12,11,13
2022-02-19,7,4,10
2022-02-20,10,8,12
2022-02-21,7.5,4,11
2022-02-22,8,6,10
2022-02-23,8.5,5,12
2022-02-24,9.5,7,12
2022-02-25,6,3,9
2022-02-26,7,3,11
2022-02-27,6.5,1,12
2022-02-28,7,2,12
2022-03-01,7.5,4,11
2022-03-02,7.5,6,9
2022-03-03,9,6,12
2022-03-04,9,5,13
2022-03-05,7.5,3,12
2022-03-06,7,3,11
2022-03-07,5.5,1,10
2022-03-08,7,1,13
2022-03-09,10.5,5,16
2022-03-10,11,7,15
2022-03-11,10,9,11
2022-03-12,9,7,11
2022-03-13,8,7,9
2022-03-14,8,4,12
2022-03-15,12,9,15
2022-03-16,14,9,19
2022-03-17,10.5,9,12
2022-03-18,11,5,17
2022-03-19,12,6,18
2022-03-20,10.5,5,16
2022-03-21,12.5,9,16
2022-03-22,13.5,8,19
2022-03-23,13.5,8,19
2022-03-24,14,9,19
2022-03-25,14,8,20
2022-03-26,14.5,8,21
2022-03-27,15,9,21
2022-03-28,16,10,22
2022-03-29,15.5,12,19
2022-03-30,9,6,12
2022-03-31,7.5,7,8
2022-04-01,2,1,3
2022-04-02,2.5,1,4
2022-04-03,4.5,0,9
2022-04-04,6.5,2,11
2022-04-05,10.5,7,14
2022-04-06,10,6,14
2022-04-07,10,9,11
2022-04-08,6.5,4,9
2022-04-09,7.5,4,11
2022-04-10,9,3,15
2022-04-11,10.5,5,16
2022-04-12,14.5,9,20
2022-04-13,15,12,18
2022-04-14,16.5,10,23
2022-04-15,16,11,21
2022-04-16,15.5,11,20
2022-04-17,13,7,19
2022-04-18,13.5,8,19
2022-04-19,14,9,19
2022-04-20,13.5,9,18
2022-04-21,12,7,17
2022-04-22,12.5,8,17
2022-04-23,13.5,10,17
2022-04-24,11.5,10,13
2022-04-25,12.5,9,16
2022-04-26,12.5,8,17
2022-04-27,12,6,18
2022-04-28,14,8,20
2022-04-29,14.5,10,19
2022-04-30,12.5,7,18
2022-05-01,13,8,18
2022-05-02,13,9,17
2022-05-03,14.5,10,19
2022-05-04,15,11,19
2022-05-05,15.5,10,21
2022-05-06,16,10,22
2022-05-07,16,12,20
2022-05-08,14.5,10,19
2022-05-09,18,11,25
2022-05-10,20,15,25
2022-05-11,19,14,24
2022-05-12,17,12,22
2022-05-13,17,11,23
2022-05-14,18,11,25
2022-05-15,19,13,25
2022-05-16,20,15,25
2022-05-17,22,16,28
2022-05-18,22.5,17,28
2022-05-19,21.5,18,25
2022-05-20,19.5,16,23
2022-05-21,19,12,26
2022-05-22,18.5,13,24
2022-05-23,17.5,16,19
2022-05-24,14.5,10,19
2022-05-25,15.5,10,21
2022-05-26,18,13,23
2022-05-27,18,12,24
2022-05-28,15,10,20
2022-05-29,11.5,7,16
2022-05-30,13,7,19
2022-05-31,17,13,21
2022-06-01,17,11,23
2022-06-02,17.5,11,24
2022-06-03,19.5,14,25
2022-06-04,22.5,16,29
2022-06-05,21,17,25
2022-06-06,18,13,23
2022-06-07,18,14,22
2022-06-08,18,14,22
2022-06-09,16,12,20
2022-06-10,21.5,14,29
2022-06-11,22,16,28
2022-06-12,20,13,27
2022-06-13,19,12,26
2022-06-14,20.5,13,28
2022-06-15,24,15,33
2022-06-16,24,17,31
2022-06-17,27,18,36
2022-06-18,32.5,23,42
2022-06-19,26,19,33
2022-06-20,20,13,27
2022-06-21,22,15,29
2022-06-22,23.5,17,30
2022-06-23,24.5,18,31
2022-06-24,20,16,24
2022-06-25,17.5,16,19
2022-06-26,16.5,12,21
2022-06-27,20,15,25
2022-06-28,21,13,29
2022-06-29,22,16,28
2022-06-30,15.5,13,18
2022-07-01,17,11,23
2022-07-02,21.5,14,29
2022-07-03,20.5,14,27
2022-07-04,20.5,14,27
2022-07-05,20.5,14,27
2022-07-06,20,13,27
2022-07-07,20.5,16,25
2022-07-08,19,11,27
2022-07-09,24,17,31
2022-07-10,20,13,27
2022-07-11,23.5,16,31
2022-07-12,28,19,37
2022-07-13,31,22,40
2022-07-14,27,21,33
2022-07-15,22.5,15,30
2022-07-16,24.5,16,33
2022-07-17,26.5,17,36
2022-07-18,32.5,22,43
2022-07-19,33,24,42
2022-07-20,23.5,20,27
2022-07-21,24,18,30
2022-07-22,23.5,17,30
2022-07-23,24.5,18,31
2022-07-24,27.5,19,36
2022-07-25,26,20,32
2022-07-26,21,16,26
2022-07-27,21.5,14,29
2022-07-28,23,16,30
2022-07-29,25,19,31
2022-07-30,25.5,18,33
2022-07-31,23.5,18,29
